-- phpMyAdmin SQL Dump
-- version 5.2.1
-- https://www.phpmyadmin.net/
--
-- Host: 127.0.0.1
-- Generation Time: Aug 07, 2024 at 05:25 AM
-- Server version: 10.4.28-MariaDB
-- PHP Version: 8.2.4

SET SQL_MODE = "NO_AUTO_VALUE_ON_ZERO";
START TRANSACTION;
SET time_zone = "+00:00";


/*!40101 SET @OLD_CHARACTER_SET_CLIENT=@@CHARACTER_SET_CLIENT */;
/*!40101 SET @OLD_CHARACTER_SET_RESULTS=@@CHARACTER_SET_RESULTS */;
/*!40101 SET @OLD_COLLATION_CONNECTION=@@COLLATION_CONNECTION */;
/*!40101 SET NAMES utf8mb4 */;

--
-- Database: `academix`
--

-- --------------------------------------------------------

--
-- Table structure for table `admins`
--

CREATE TABLE `admins` (
  `id_staff` bigint(20) UNSIGNED NOT NULL,
  `user_id` bigint(20) UNSIGNED NOT NULL,
  `nama` varchar(255) NOT NULL,
  `no_induk` varchar(255) NOT NULL,
  `no_hp` varchar(255) NOT NULL,
  `created_at` timestamp NULL DEFAULT NULL,
  `updated_at` timestamp NULL DEFAULT NULL
) ENGINE=InnoDB DEFAULT CHARSET=utf8mb4 COLLATE=utf8mb4_unicode_ci;

--
-- Dumping data for table `admins`
--

INSERT INTO `admins` (`id_staff`, `user_id`, `nama`, `no_induk`, `no_hp`, `created_at`, `updated_at`) VALUES
(1, 151, 'Sarah', '001133', '082312312', '2023-11-17 09:43:12', '2023-11-17 09:43:12'),
(2, 154, 'bayu', '001144', '081234565432', NULL, NULL);

-- --------------------------------------------------------

--
-- Table structure for table `berita_acara`
--

CREATE TABLE `berita_acara` (
  `id_jdwl` bigint(20) UNSIGNED NOT NULL,
  `id_dosen` bigint(20) UNSIGNED NOT NULL,
  `tgl` date NOT NULL,
  `pkk_bhsn` varchar(255) NOT NULL,
  `spkk_bhsn` varchar(255) NOT NULL,
  `media` varchar(255) NOT NULL,
  `jam_ajar` time NOT NULL,
  `created_at` timestamp NULL DEFAULT NULL,
  `updated_at` timestamp NULL DEFAULT NULL
) ENGINE=InnoDB DEFAULT CHARSET=utf8mb4 COLLATE=utf8mb4_unicode_ci;

--
-- Dumping data for table `berita_acara`
--

INSERT INTO `berita_acara` (`id_jdwl`, `id_dosen`, `tgl`, `pkk_bhsn`, `spkk_bhsn`, `media`, `jam_ajar`, `created_at`, `updated_at`) VALUES
(1, 23, '2023-11-13', 'String dan Tanggal', 'date, , string', 'laptop, proyektor', '05:00:00', '2023-11-17 16:59:01', '2023-11-17 16:59:01'),
(1, 23, '2023-09-25', 'Teknologi web', 'html, css', 'laptop, proyektor', '05:00:00', '2023-11-17 16:59:01', '2023-11-17 16:59:01'),
(1, 23, '2023-10-02', 'Teknologi Web', 'html, css', 'laptop, proyektor', '05:00:00', '2023-11-17 16:59:01', '2023-11-17 16:59:01'),
(1, 23, '2023-10-09', 'Konsep Dasar Pem.Web', 'server side, requaire, include', 'laptop, proyektor', '05:00:00', '2023-11-17 16:59:01', '2023-11-17 16:59:01'),
(1, 23, '2023-10-16', 'Php Fundamental', 'echo, array', 'laptop, proyektor', '05:00:00', '2023-11-17 16:59:01', '2023-11-17 16:59:01'),
(1, 23, '2023-10-23', 'Struktur Kondisi dan items', 'if, do while, foreach', 'laptop, proyektor', '05:00:00', '2023-11-17 16:59:01', '2023-11-17 16:59:01'),
(1, 23, '2023-10-30', 'Penanganan form', 'submit, for', 'laptop, proyektor', '05:00:00', '2023-11-17 16:59:01', '2023-11-17 16:59:01'),
(1, 23, '2023-11-06', 'Array dan Fungsi', 'foreach, membuat fungsi', 'laptop, proyektor', '05:00:00', '2023-11-17 16:59:01', '2023-11-17 16:59:01'),
(11, 3, '2023-11-13', 'PBL EVALUASI', 'date, , string', 'laptop, proyektor', '03:06:00', '2023-11-17 16:59:01', '2023-11-17 16:59:01'),
(11, 3, '2023-09-25', 'String dan Tanggal', 'date, , string', 'laptop, proyektor', '03:06:00', '2023-11-17 16:59:01', '2023-11-17 16:59:01'),
(2, 3, '2023-09-25', 'String dan Tanggal', 'date, , string', 'laptop, proyektor', '03:06:00', '2023-11-17 16:59:01', '2023-11-17 16:59:01'),
(4, 9228258197, '2023-11-21', 'asd', 'asd', 'asd', '23:47:21', '2023-11-21 16:47:21', '2023-11-21 16:47:21'),
(25, 25, '2023-11-21', 'asd', 'asd', 'asd', '23:54:19', '2023-11-21 16:54:19', '2023-11-21 16:54:19'),
(4, 25, '2023-11-21', 'asd', 'asd', 'asd', '23:55:05', '2023-11-21 16:55:05', '2023-11-21 16:55:05'),
(4, 25, '2023-11-21', 'asd', 'asd', 'asd', '23:55:13', '2023-11-21 16:55:13', '2023-11-21 16:55:13'),
(1, 23, '2023-11-13', 'String dan Tanggal', 'date, , string', 'laptop, proyektor', '05:00:00', '2023-11-17 16:59:01', '2023-11-17 16:59:01'),
(1, 23, '2023-09-25', 'Teknologi web', 'html, css', 'laptop, proyektor', '05:00:00', '2023-11-17 16:59:01', '2023-11-17 16:59:01'),
(1, 23, '2023-10-02', 'Teknologi Web', 'html, css', 'laptop, proyektor', '05:00:00', '2023-11-17 16:59:01', '2023-11-17 16:59:01'),
(1, 23, '2023-10-09', 'Konsep Dasar Pem.Web', 'server side, requaire, include', 'laptop, proyektor', '05:00:00', '2023-11-17 16:59:01', '2023-11-17 16:59:01'),
(1, 23, '2023-10-16', 'Php Fundamental', 'echo, array', 'laptop, proyektor', '05:00:00', '2023-11-17 16:59:01', '2023-11-17 16:59:01'),
(1, 23, '2023-10-23', 'Struktur Kondisi dan items', 'if, do while, foreach', 'laptop, proyektor', '05:00:00', '2023-11-17 16:59:01', '2023-11-17 16:59:01'),
(1, 23, '2023-10-30', 'Penanganan form', 'submit, for', 'laptop, proyektor', '05:00:00', '2023-11-17 16:59:01', '2023-11-17 16:59:01'),
(1, 23, '2023-11-06', 'Array dan Fungsi', 'foreach, membuat fungsi', 'laptop, proyektor', '05:00:00', '2023-11-17 16:59:01', '2023-11-17 16:59:01'),
(11, 3, '2023-11-13', 'PBL EVALUASI', 'date, , string', 'laptop, proyektor', '03:06:00', '2023-11-17 16:59:01', '2023-11-17 16:59:01'),
(11, 3, '2023-09-25', 'String dan Tanggal', 'date, , string', 'laptop, proyektor', '03:06:00', '2023-11-17 16:59:01', '2023-11-17 16:59:01'),
(2, 3, '2023-09-25', 'String dan Tanggal', 'date, , string', 'laptop, proyektor', '03:06:00', '2023-11-17 16:59:01', '2023-11-17 16:59:01'),
(4, 9228258197, '2023-11-21', 'asd', 'asd', 'asd', '23:47:21', '2023-11-21 16:47:21', '2023-11-21 16:47:21'),
(25, 25, '2023-11-21', 'asd', 'asd', 'asd', '23:54:19', '2023-11-21 16:54:19', '2023-11-21 16:54:19'),
(4, 25, '2023-11-21', 'asd', 'asd', 'asd', '23:55:05', '2023-11-21 16:55:05', '2023-11-21 16:55:05'),
(4, 25, '2023-11-21', 'asd', 'asd', 'asd', '23:55:13', '2023-11-21 16:55:13', '2023-11-21 16:55:13'),
(1, 23, '2023-11-13', 'String dan Tanggal', 'date, , string', 'laptop, proyektor', '05:00:00', '2023-11-17 16:59:01', '2023-11-17 16:59:01'),
(1, 23, '2023-09-25', 'Teknologi web', 'html, css', 'laptop, proyektor', '05:00:00', '2023-11-17 16:59:01', '2023-11-17 16:59:01'),
(1, 23, '2023-10-02', 'Teknologi Web', 'html, css', 'laptop, proyektor', '05:00:00', '2023-11-17 16:59:01', '2023-11-17 16:59:01'),
(1, 23, '2023-10-09', 'Konsep Dasar Pem.Web', 'server side, requaire, include', 'laptop, proyektor', '05:00:00', '2023-11-17 16:59:01', '2023-11-17 16:59:01'),
(1, 23, '2023-10-16', 'Php Fundamental', 'echo, array', 'laptop, proyektor', '05:00:00', '2023-11-17 16:59:01', '2023-11-17 16:59:01'),
(1, 23, '2023-10-23', 'Struktur Kondisi dan items', 'if, do while, foreach', 'laptop, proyektor', '05:00:00', '2023-11-17 16:59:01', '2023-11-17 16:59:01'),
(1, 23, '2023-10-30', 'Penanganan form', 'submit, for', 'laptop, proyektor', '05:00:00', '2023-11-17 16:59:01', '2023-11-17 16:59:01'),
(1, 23, '2023-11-06', 'Array dan Fungsi', 'foreach, membuat fungsi', 'laptop, proyektor', '05:00:00', '2023-11-17 16:59:01', '2023-11-17 16:59:01'),
(11, 3, '2023-11-13', 'PBL EVALUASI', 'date, , string', 'laptop, proyektor', '03:06:00', '2023-11-17 16:59:01', '2023-11-17 16:59:01'),
(11, 3, '2023-09-25', 'String dan Tanggal', 'date, , string', 'laptop, proyektor', '03:06:00', '2023-11-17 16:59:01', '2023-11-17 16:59:01'),
(2, 3, '2023-09-25', 'String dan Tanggal', 'date, , string', 'laptop, proyektor', '03:06:00', '2023-11-17 16:59:01', '2023-11-17 16:59:01'),
(4, 9228258197, '2023-11-21', 'asd', 'asd', 'asd', '23:47:21', '2023-11-21 16:47:21', '2023-11-21 16:47:21'),
(25, 25, '2023-11-21', 'asd', 'asd', 'asd', '23:54:19', '2023-11-21 16:54:19', '2023-11-21 16:54:19'),
(4, 25, '2023-11-21', 'asd', 'asd', 'asd', '23:55:05', '2023-11-21 16:55:05', '2023-11-21 16:55:05'),
(4, 25, '2023-11-21', 'asd', 'asd', 'asd', '23:55:13', '2023-11-21 16:55:13', '2023-11-21 16:55:13');

-- --------------------------------------------------------

--
-- Table structure for table `cicil_kompen`
--

CREATE TABLE `cicil_kompen` (
  `id_cicil` int(10) UNSIGNED NOT NULL,
  `id_kompen` bigint(20) UNSIGNED NOT NULL,
  `id_tahun_ajar` bigint(20) UNSIGNED NOT NULL,
  `id_mahasiswa` bigint(20) UNSIGNED NOT NULL,
  `tgl_cicil` date NOT NULL,
  `jlh_jam_konversi` int(11) NOT NULL,
  `jenis_kompen` varchar(255) NOT NULL,
  `status` enum('1','2','3') NOT NULL,
  `created_at` timestamp NULL DEFAULT NULL,
  `updated_at` timestamp NULL DEFAULT NULL
) ENGINE=InnoDB DEFAULT CHARSET=utf8mb4 COLLATE=utf8mb4_general_ci;

-- --------------------------------------------------------

--
-- Table structure for table `dosens`
--

CREATE TABLE `dosens` (
  `id_dosen` bigint(20) UNSIGNED NOT NULL,
  `user_id` bigint(20) UNSIGNED NOT NULL,
  `nip` varchar(255) NOT NULL,
  `nidn` varchar(255) NOT NULL,
  `nama` varchar(255) NOT NULL,
  `is_kaprodi` tinyint(1) NOT NULL,
  `no_hp` varchar(255) NOT NULL,
  `foto` varchar(255) NOT NULL,
  `created_at` timestamp NULL DEFAULT NULL,
  `updated_at` timestamp NULL DEFAULT NULL
) ENGINE=InnoDB DEFAULT CHARSET=utf8mb4 COLLATE=utf8mb4_unicode_ci;

--
-- Dumping data for table `dosens`
--

INSERT INTO `dosens` (`id_dosen`, `user_id`, `nip`, `nidn`, `nama`, `is_kaprodi`, `no_hp`, `foto`, `created_at`, `updated_at`) VALUES
(1, 122, '687240280095093489', '4244849895', 'WENDHI YUNIARTO, ST.,MT', 0, '087298852612', 'http://dummyimage.com/168x100.png/cc0000/ffffff', '2023-11-17 16:24:58', '2023-11-17 16:24:58'),
(2, 123, '197302061995011001', '0006027306', 'FERRY FAISAL, SST.,MT', 0, '087298852612', 'http://dummyimage.com/168x100.png/cc0000/ffffff', '2023-11-17 16:25:26', '2023-11-17 16:25:26'),
(3, 124, '006751175192088314', '5215248799', 'MARIANA SYAMSUDIN, ST.,MT., PhD', 1, '082831356325', 'http://dummyimage.com/168x100.png/cc0000/ffffff', '2023-11-17 16:25:46', '2023-11-17 16:25:46'),
(4, 125, '386346682674060220', '2285726529', 'IR. ABU BAKAR', 0, '087298852612', 'http://dummyimage.com/168x100.png/cc0000/ffffff', '2023-11-17 16:26:13', '2023-11-17 16:26:13'),
(5, 126, '251809105136721447', '5252223615', 'YUNITA, ST.,M.SC', 0, '087298852612', 'http://dummyimage.com/168x100.png/cc0000/ffffff', '2023-11-17 16:26:41', '2023-11-17 16:26:41'),
(6, 127, '815342245254416531', '0281824559', 'MUHAMMAD HASBI, ST.,MT', 0, '087298852612', 'http://dummyimage.com/168x100.png/cc0000/ffffff', '2023-11-17 16:26:53', '2023-11-17 16:26:53'),
(7, 128, '304687564980461225', '5267497323', 'NENY FIRDYANTI, ST.,MT', 0, '087298852612', 'http://dummyimage.com/168x100.png/cc0000/ffffff', '2023-11-17 16:27:03', '2023-11-17 16:27:03'),
(8, 129, '306488997250044619', '5212682945', 'DR. ARDI MARWAN', 0, '087298852612', 'http://dummyimage.com/168x100.png/cc0000/ffffff', '2023-11-17 16:27:14', '2023-11-17 16:27:14'),
(9, 130, '470032806155924912', '1224206244', 'NURUL FADILLAH, S.PD.,M.ED,TESSOL', 0, '087298852612', 'http://dummyimage.com/168x100.png/cc0000/ffffff', '2023-11-17 16:27:25', '2023-11-17 16:27:25'),
(10, 131, '994297516269447018', '4217428790', 'H. IRAWAN SUHARTO, ST', 0, '087298852612', 'http://dummyimage.com/168x100.png/cc0000/ffffff', '2023-11-17 16:27:52', '2023-11-17 16:27:52'),
(11, 132, '606467138608304765', '5270822579', 'WAWAN HERYAWAN, ST.,MT', 0, '087298852612', 'http://dummyimage.com/168x100.png/cc0000/ffffff', '2023-11-17 16:28:00', '2023-11-17 16:28:00'),
(12, 133, '157593920080017035', '5260630694', 'RAMLI, ST.,MT', 0, '087298852612', 'http://dummyimage.com/168x100.png/cc0000/ffffff', '2023-11-17 16:28:15', '2023-11-17 16:28:15'),
(13, 134, '979528368778498101', '3246452420', 'YASIR ARAFAT, SST., MT', 0, '087298852612', 'http://dummyimage.com/168x100.png/cc0000/ffffff', '2023-11-17 16:28:28', '2023-11-17 16:28:28'),
(14, 135, '175016049479603243', '1253229447', 'SUHERI, ST., M.CS', 0, '087298852612', 'http://dummyimage.com/168x100.png/cc0000/ffffff', '2023-11-17 16:28:48', '2023-11-17 16:28:48'),
(15, 136, '211317077313112937', '3238885571', 'FRESKA ROLANSA, ST, M.CS', 0, '087298852612', 'http://dummyimage.com/168x100.png/cc0000/ffffff', '2023-11-17 16:28:59', '2023-11-17 16:28:59'),
(16, 137, '194163352113998976', '6267956128', 'M. ILYAS HADIKUSUMA, ST.,M.ENG', 0, '087298852612', 'http://dummyimage.com/168x100.png/cc0000/ffffff', '2023-11-17 16:29:12', '2023-11-17 16:29:12'),
(17, 138, '758363406712984415', '2295550578', 'BUDIANINGSIH, ST.,MT', 0, '087298852612', 'http://dummyimage.com/168x100.png/cc0000/ffffff', '2023-11-17 16:29:22', '2023-11-17 16:29:22'),
(18, 139, '521747708450415011', '0260336329', 'FITRI WIBOWO, S.ST., MT', 0, '087298852612', 'http://dummyimage.com/168x100.png/cc0000/ffffff', '2023-11-17 16:29:41', '2023-11-17 16:29:41'),
(19, 140, '712957946152129056', '9228258191', 'PAUSTA YUGIANAUS, S.KOM, MT', 0, '087298852612', 'http://dummyimage.com/168x100.png/cc0000/ffffff', '2023-11-17 16:30:00', '2023-11-17 16:30:00'),
(20, 141, '712957946152129057', '9228258192', 'RAHMAD WAHID, M.CS', 0, '087298852612', 'http://dummyimage.com/168x100.png/cc0000/ffffff', '2023-11-17 16:41:45', '2023-11-17 16:41:45'),
(21, 142, '712957946152129058', '9228258193', 'TRI BOWO ATMOJO, S.T., M.CS.', 0, '087298852612', 'http://dummyimage.com/168x100.png/cc0000/ffffff', '2023-11-17 16:41:45', '2023-11-17 16:41:45'),
(22, 143, '712957946152129059', '9228258194', 'PZULKIFLI AL HAJAR, S.PD.I., M.S.I', 0, '087298852612', 'http://dummyimage.com/168x100.png/cc0000/ffffff', '2023-11-17 16:41:45', '2023-11-17 16:41:45'),
(23, 144, '712957946152129060', '9228258195', 'LINDUNG SISWANTO, S.KOM., M.ENG', 0, '087298852612', 'http://dummyimage.com/168x100.png/cc0000/ffffff', '2023-11-17 16:41:45', '2023-11-17 16:41:45'),
(24, 145, '712957946152129061', '9228258196', 'TOMMI SURYANTO, S.KOM, M.KOM', 0, '087298852612', 'http://dummyimage.com/168x100.png/cc0000/ffffff', '2023-11-17 16:41:45', '2023-11-17 16:41:45'),
(25, 146, '712957946152129062', '9228258197', 'MUHAMMAD DIPONEGORO, S.KOM . M.CS ', 0, '087298852612', 'http://dummyimage.com/168x100.png/cc0000/ffffff', '2023-11-17 16:41:45', '2023-11-17 16:41:45'),
(26, 147, '712957946152129063', '9228258198', 'SARAH BIBI, SST., M.PD', 0, '087298852612', 'http://dummyimage.com/168x100.png/cc0000/ffffff', '2023-11-17 16:41:45', '2023-11-17 16:41:45'),
(27, 148, '712957946152129064', '9228258199', 'SUHARSONO, S.KOM., M.KOM', 0, '087298852612', 'http://dummyimage.com/168x100.png/cc0000/ffffff', '2023-11-17 16:41:45', '2023-11-17 16:41:45'),
(28, 149, '712957946152129065', '9228258200', 'NOVI ARYANI FITRI, S.T., M.TR.KOM', 0, '087298852612', 'http://dummyimage.com/168x100.png/cc0000/ffffff', '2023-11-17 16:41:45', '2023-11-17 16:41:45'),
(29, 150, '712957946152129066', '9228258201', 'SAFRI ADAM, S.KOM., M.KOM', 0, '087298852612', 'http://dummyimage.com/168x100.png/cc0000/ffffff', '2023-11-17 16:41:45', '2023-11-17 16:41:45');

-- --------------------------------------------------------

--
-- Table structure for table `failed_jobs`
--

CREATE TABLE `failed_jobs` (
  `id` bigint(20) UNSIGNED NOT NULL,
  `uuid` varchar(255) NOT NULL,
  `connection` text NOT NULL,
  `queue` text NOT NULL,
  `payload` longtext NOT NULL,
  `exception` longtext NOT NULL,
  `failed_at` timestamp NOT NULL DEFAULT current_timestamp()
) ENGINE=InnoDB DEFAULT CHARSET=utf8mb4 COLLATE=utf8mb4_unicode_ci;

-- --------------------------------------------------------

--
-- Table structure for table `jadwals`
--

CREATE TABLE `jadwals` (
  `id_jdwl` bigint(20) UNSIGNED NOT NULL,
  `id_kls` int(10) UNSIGNED NOT NULL,
  `id_mk` bigint(20) UNSIGNED NOT NULL,
  `ruang` varchar(255) NOT NULL,
  `hari` varchar(255) NOT NULL,
  `start` time NOT NULL,
  `finish` time NOT NULL,
  `jumlah_jam` int(11) NOT NULL,
  `token` varchar(255) DEFAULT NULL,
  `expires_at` varchar(255) DEFAULT NULL,
  `created_at` timestamp NULL DEFAULT NULL,
  `updated_at` timestamp NULL DEFAULT NULL
) ENGINE=InnoDB DEFAULT CHARSET=utf8mb4 COLLATE=utf8mb4_unicode_ci;

--
-- Dumping data for table `jadwals`
--

INSERT INTO `jadwals` (`id_jdwl`, `id_kls`, `id_mk`, `ruang`, `hari`, `start`, `finish`, `jumlah_jam`, `token`, `expires_at`, `created_at`, `updated_at`) VALUES
(1, 17, 19, 'TI-13', 'Senin', '07:00:00', '12:15:00', 6, '7xXMp', '2023-11-18 15:42:50', '2023-11-17 16:48:26', '2023-11-18 08:40:50'),
(2, 17, 23, 'TI-13', 'Senin', '13:00:00', '18:00:00', 5, 'VXtCO', '2023-11-20 02:39:10', '2023-11-17 16:48:26', '2023-11-19 19:37:10'),
(3, 17, 21, 'TI-13', 'Selasa', '07:00:00', '10:35:00', 4, 'bpd1p', '2023-11-21 11:53:12', '2023-11-17 16:48:26', '2023-11-21 04:48:12'),
(4, 17, 22, 'TI-13', 'Selasa', '10:35:00', '18:00:00', 7, '3IR4u', '2023-11-22 12:28:24', '2023-11-17 16:48:26', '2023-11-22 05:23:24'),
(5, 17, 20, 'TI-12', 'Rabu', '07:00:00', '10:35:00', 4, NULL, '', '2023-11-17 16:48:26', '2023-11-17 16:48:26'),
(6, 17, 23, 'TI-12', 'Rabu', '10:35:00', '18:00:00', 7, 'WEG2H', '2023-11-22 12:30:09', '2023-11-17 16:48:26', '2023-11-22 05:25:09'),
(7, 17, 23, 'TI-12', 'Kamis', '07:00:00', '14:40:00', 8, NULL, '', '2023-11-17 16:48:26', '2023-11-17 16:48:26'),
(8, 17, 18, 'TI-1', 'Jumat', '07:00:00', '10:35:00', 4, NULL, '', '2023-11-17 16:48:26', '2023-11-17 16:48:26'),
(9, 17, 17, 'TI-1', 'Jumat', '10:35:00', '16:40:00', 4, NULL, '', '2023-11-17 16:48:26', '2023-11-17 16:48:26'),
(10, 17, 22, 'TI-1', 'Jumat', '16:20:00', '18:00:00', 2, NULL, '', '2023-11-17 16:48:26', '2023-11-17 16:48:26'),
(11, 5, 23, 'TI-11', 'Senin', '07:00:00', '11:25:00', 5, 'rWLYw', '2023-11-19 19:31:11', '2023-11-17 16:48:26', '2023-11-19 12:29:11'),
(12, 5, 19, 'TI-11', 'Senin', '11:25:00', '18:00:00', 6, 'JT7qI', '2023-11-20 20:50:45', '2023-11-17 16:48:26', '2023-11-20 13:48:45'),
(13, 5, 23, 'TI-11', 'Selasa', '07:00:00', '11:25:00', 5, 'bhjki', '', '2023-11-17 16:48:26', '2023-11-17 16:48:26'),
(14, 5, 20, 'TI-11', 'Selasa', '11:25:00', '16:20:00', 4, 'hvjyg', '', '2023-11-17 16:48:26', '2023-11-17 16:48:26'),
(15, 5, 21, 'TI-11', 'Rabu', '07:00:00', '10:35:00', 4, 'segvv', '', '2023-11-17 16:48:26', '2023-11-17 16:48:26'),
(16, 5, 22, 'TI-11', 'Rabu', '10:35:00', '18:00:00', 7, 'ojnbm', '', '2023-11-17 16:48:26', '2023-11-17 16:48:26'),
(17, 5, 18, 'TI-2', 'kamis', '07:00:00', '10:35:00', 4, 'jionj', '', '2023-11-17 16:48:26', '2023-11-17 16:48:26'),
(18, 5, 17, 'TI-2', 'Kamis', '10:35:00', '14:40:00', 4, 'fhhnm', '', '2023-11-17 16:48:26', '2023-11-17 16:48:26'),
(19, 5, 22, 'TI-12', 'Kamis', '15:30:00', '18:00:00', 3, 'xgdvg', '', '2023-11-17 16:48:26', '2023-11-17 16:48:26'),
(20, 5, 23, 'TI-11', 'Jumat', '07:00:00', '18:00:00', 10, 'jkhuh', '', '2023-11-17 16:48:26', '2023-11-17 16:48:26'),
(21, 11, 18, 'TI-12', 'Senin', '07:00:00', '10:35:00', 4, 'aslnj', '', '2023-11-17 16:48:26', '2023-11-17 16:48:26'),
(22, 11, 23, 'TI-12', 'Senin', '10:35:00', '18:00:00', 7, 'ajhjb', '', '2023-11-17 16:48:26', '2023-11-17 16:48:26'),
(23, 11, 19, 'TI-12', 'Selasa', '07:00:00', '09:30:00', 3, 'adgfh', '', '2023-11-17 16:48:26', '2023-11-17 16:48:26'),
(24, 11, 23, 'TI-12', 'Selasa', '09:45:00', '18:00:00', 8, 'avers', '', '2023-11-17 16:48:26', '2023-11-17 16:48:26'),
(25, 11, 17, 'TI-3', 'Rabu', '07:00:00', '10:35:00', 4, 'ckerm', '', '2023-11-17 16:48:26', '2023-11-17 16:48:26'),
(26, 11, 21, 'TI-3', 'Rabu', '10:35:00', '14:40:00', 4, 'aefvc', '', '2023-11-17 16:48:26', '2023-11-17 16:48:26'),
(27, 11, 22, 'TI-11', 'Rabu', '15:30:00', '18:00:00', 3, 'lsdmv', '', '2023-11-17 16:48:26', '2023-11-17 16:48:26'),
(28, 11, 22, 'TI-11', 'Kamis', '07:00:00', '13:50:00', 7, 'r3fjn', '', '2023-11-17 16:48:26', '2023-11-17 16:48:26'),
(29, 11, 19, 'TI-12', 'Kamis', '15:30:00', '18:00:00', 3, 'rffms', '', '2023-11-17 16:48:26', '2023-11-17 16:48:26'),
(30, 11, 20, 'TI-12', 'Jumat', '07:00:00', '10:35:00', 4, 'ewomL', '', '2023-11-17 16:48:26', '2023-11-17 16:48:26'),
(31, 11, 23, 'TI-12', 'Jumat', '13:00:00', '18:00:00', 5, 'aJKnd', '', '2023-11-17 16:48:26', '2023-11-17 16:48:26'),
(32, 23, 21, 'TI-7', 'Senin', '07:00:00', '10:35:00', 4, 'Werty', '', '2023-11-17 16:48:26', '2023-11-17 16:48:26'),
(33, 23, 22, 'TI-7', 'Senin', '10:35:00', '18:00:00', 7, 'cmlmc', '', '2023-11-17 16:48:26', '2023-11-17 16:48:26'),
(34, 23, 18, 'TI-4', 'Selasa', '07:00:00', '10:35:00', 4, 'dsfss', '', '2023-11-17 16:48:26', '2023-11-17 16:48:26'),
(35, 23, 17, 'TI-4', 'Selasa', '13:50:00', '18:00:00', 4, 'fmfmk', '', '2023-11-17 16:48:26', '2023-11-17 16:48:26'),
(36, 23, 23, 'TI-13', 'Rabu', '07:00:00', '14:40:00', 8, 'flkfm', '', '2023-11-17 16:48:26', '2023-11-17 16:48:26'),
(37, 23, 22, 'TI-13', 'Rabu', '15:30:00', '18:00:00', 3, 'ffllp', '', '2023-11-17 16:48:26', '2023-11-17 16:48:26'),
(38, 23, 20, 'TI-13', 'Kamis', '07:00:00', '10:35:00', 4, 'mfmel', '', '2023-11-17 16:48:26', '2023-11-17 16:48:26'),
(39, 23, 23, 'TI-13', 'Kamis', '10:35:00', '18:00:00', 7, 'fmskf', '', '2023-11-17 16:48:26', '2023-11-17 16:48:26'),
(40, 23, 23, 'TI-13', 'Jumat', '07:00:00', '10:35:00', 4, 'ksmdf', '', '2023-11-17 16:48:26', '2023-11-17 16:48:26'),
(41, 23, 19, 'TI-13', 'Jumat', '10:35:00', '18:00:00', 6, 'ekslf', '', '2023-11-17 16:48:26', '2023-11-17 16:48:26'),
(42, 17, 23, 'TI-14', 'Senin', '12:00:55', '18:40:55', 6, 'C52vb', '2024-08-05 22:14:30', '2024-08-05 08:40:55', '2024-08-05 15:09:30'),
(43, 12, 22, 'TI-11', 'Rabu', '07:00:00', '14:00:00', 6, NULL, NULL, '2024-08-06 16:36:57', '2024-08-06 16:36:57');

-- --------------------------------------------------------

--
-- Table structure for table `kaldiks`
--

CREATE TABLE `kaldiks` (
  `id` bigint(20) UNSIGNED NOT NULL,
  `tahun` int(11) NOT NULL,
  `semester` varchar(255) NOT NULL,
  `kegiatan` varchar(255) NOT NULL,
  `waktu_mulai` date NOT NULL,
  `waktu_selesai` date NOT NULL,
  `status` enum('kuliah','fakultatif','libur') NOT NULL,
  `lampiran` varchar(255) NOT NULL,
  `keterangan` varchar(255) DEFAULT NULL,
  `created_at` timestamp NULL DEFAULT NULL,
  `updated_at` timestamp NULL DEFAULT NULL
) ENGINE=InnoDB DEFAULT CHARSET=utf8mb4 COLLATE=utf8mb4_unicode_ci;

--
-- Dumping data for table `kaldiks`
--

INSERT INTO `kaldiks` (`id`, `tahun`, `semester`, `kegiatan`, `waktu_mulai`, `waktu_selesai`, `status`, `lampiran`, `keterangan`, `created_at`, `updated_at`) VALUES
(1, 2024, 'genap', 'MASA PERKULIAHAN SEMESTER GENAP TAHUN AKADEMIK 2023/2024', '2024-05-04', '2024-08-19', 'kuliah', '-', '-', '2024-07-31 23:15:02', '2024-07-31 23:15:02'),
(2, 2023, 'ganjil', 'MASA PERKULIAHAN SEMESTER GANJIL TAHUN AKADEMIK 2023/2024', '2023-09-25', '2024-02-10', 'kuliah', '-', '-', '2024-07-31 23:15:02', '2024-07-31 23:15:02'),
(3, 2024, 'genap', 'MASA PERKULIAHAN SEMESTER GENAP TAHUN AKADEMIK 2023/2024', '2024-05-04', '2024-08-19', 'kuliah', '-', '-', '2024-07-31 23:15:25', '2024-07-31 23:15:25'),
(4, 2023, 'ganjil', 'MASA PERKULIAHAN SEMESTER GANJIL TAHUN AKADEMIK 2023/2024', '2023-09-25', '2024-02-10', 'kuliah', '-', '-', '2024-07-31 23:15:25', '2024-07-31 23:15:25'),
(5, 2024, 'genap', 'MASA PERKULIAHAN SEMESTER GENAP TAHUN AKADEMIK 2023/2024', '2024-05-04', '2024-08-19', 'kuliah', '-', '-', '2024-07-31 23:17:10', '2024-07-31 23:17:10'),
(6, 2023, 'ganjil', 'MASA PERKULIAHAN SEMESTER GANJIL TAHUN AKADEMIK 2023/2024', '2023-09-25', '2024-02-10', 'kuliah', '-', '-', '2024-07-31 23:17:10', '2024-07-31 23:17:10');

-- --------------------------------------------------------

--
-- Table structure for table `kelas`
--

CREATE TABLE `kelas` (
  `id_kls` int(10) UNSIGNED NOT NULL,
  `abjad_kls` varchar(255) NOT NULL,
  `smt` int(11) NOT NULL,
  `created_at` timestamp NULL DEFAULT NULL,
  `updated_at` timestamp NULL DEFAULT NULL
) ENGINE=InnoDB DEFAULT CHARSET=utf8mb4 COLLATE=utf8mb4_unicode_ci;

--
-- Dumping data for table `kelas`
--

INSERT INTO `kelas` (`id_kls`, `abjad_kls`, `smt`, `created_at`, `updated_at`) VALUES
(1, 'A', 1, '2023-11-17 16:57:21', '2023-11-17 16:57:21'),
(2, 'A', 2, '2023-11-17 16:57:21', '2023-11-17 16:57:21'),
(3, 'A', 3, '2023-11-17 16:57:21', '2023-11-17 16:57:21'),
(4, 'A', 4, '2023-11-17 16:57:21', '2023-11-17 16:57:21'),
(5, 'A', 5, '2023-11-17 16:57:21', '2023-11-17 16:57:21'),
(6, 'A', 6, '2023-11-17 16:57:21', '2023-11-17 16:57:21'),
(7, 'B', 1, '2023-11-17 16:57:21', '2023-11-17 16:57:21'),
(8, 'B', 2, '2023-11-17 16:57:21', '2023-11-17 16:57:21'),
(9, 'B', 3, '2023-11-17 16:57:21', '2023-11-17 16:57:21'),
(10, 'B', 4, '2023-11-17 16:57:21', '2023-11-17 16:57:21'),
(11, 'B', 5, '2023-11-17 16:57:21', '2023-11-17 16:57:21'),
(12, 'B', 6, '2023-11-17 16:57:21', '2023-11-17 16:57:21'),
(13, 'C', 1, '2023-11-17 16:57:21', '2023-11-17 16:57:21'),
(14, 'C', 2, '2023-11-17 16:57:21', '2023-11-17 16:57:21'),
(15, 'C', 3, '2023-11-17 16:57:21', '2023-11-17 16:57:21'),
(16, 'C', 4, '2023-11-17 16:57:21', '2023-11-17 16:57:21'),
(17, 'C', 5, '2023-11-17 16:57:21', '2023-11-17 16:57:21'),
(18, 'C', 6, '2023-11-17 16:57:21', '2023-11-17 16:57:21'),
(19, 'D', 1, '2023-11-17 16:57:21', '2023-11-17 16:57:21'),
(20, 'D', 2, '2023-11-17 16:57:21', '2023-11-17 16:57:21'),
(21, 'D', 3, '2023-11-17 16:57:21', '2023-11-17 16:57:21'),
(22, 'D', 4, '2023-11-17 16:57:21', '2023-11-17 16:57:21'),
(23, 'D', 5, '2023-11-17 16:57:21', '2023-11-17 16:57:21'),
(24, 'D', 6, '2023-11-17 16:57:21', '2023-11-17 16:57:21'),
(25, 'E', 1, '2023-11-17 16:57:21', '2023-11-17 16:57:21'),
(26, 'E', 2, '2023-11-17 16:57:21', '2023-11-17 16:57:21'),
(27, 'E', 3, '2023-11-17 16:57:21', '2023-11-17 16:57:21'),
(28, 'E', 4, '2023-11-17 16:57:21', '2023-11-17 16:57:21'),
(29, 'E', 5, '2023-11-17 16:57:21', '2023-11-17 16:57:21'),
(30, 'E', 6, '2023-11-17 16:57:21', '2023-11-17 16:57:21');

-- --------------------------------------------------------

--
-- Table structure for table `ket_mahasiswa`
--

CREATE TABLE `ket_mahasiswa` (
  `id_presensi` bigint(20) UNSIGNED NOT NULL,
  `status_confirm` tinyint(1) NOT NULL,
  `surat_bukti` varchar(255) NOT NULL,
  `deskripsi` varchar(255) NOT NULL
) ENGINE=InnoDB DEFAULT CHARSET=utf8mb4 COLLATE=utf8mb4_unicode_ci;

-- --------------------------------------------------------

--
-- Table structure for table `ket_mhs`
--

CREATE TABLE `ket_mhs` (
  `id_presensi` bigint(20) NOT NULL,
  `status_confirm` tinyint(1) NOT NULL,
  `surat_bukti` varchar(255) DEFAULT NULL,
  `deskripsi` varchar(255) DEFAULT NULL,
  `limit_surat` varchar(255) NOT NULL,
  `created_at` timestamp NULL DEFAULT NULL,
  `updated_at` timestamp NULL DEFAULT NULL
) ENGINE=InnoDB DEFAULT CHARSET=utf8mb4 COLLATE=utf8mb4_unicode_ci;

--
-- Dumping data for table `ket_mhs`
--

INSERT INTO `ket_mhs` (`id_presensi`, `status_confirm`, `surat_bukti`, `deskripsi`, `limit_surat`, `created_at`, `updated_at`) VALUES
(1226, 0, 'SNULL', 'SNULL', '2023-11-24 03:25:48', NULL, NULL),
(1226, 0, 'SNULL', 'SNULL', '2023-11-24 03:25:48', NULL, NULL),
(1226, 0, 'SNULL', 'SNULL', '2023-11-24 03:25:48', NULL, NULL),
(1226, 0, 'path/foo/bar', 'saya izin sakit', '2024-08-05 22:42:50', '2024-08-05 15:42:50', '2024-08-05 15:42:50');

-- --------------------------------------------------------

--
-- Table structure for table `kompen_mhs`
--

CREATE TABLE `kompen_mhs` (
  `id_kompen` int(10) UNSIGNED NOT NULL,
  `id_mk` bigint(10) UNSIGNED NOT NULL,
  `id_mhs` bigint(20) UNSIGNED NOT NULL,
  `id_staff` bigint(20) UNSIGNED NOT NULL,
  `id_tahun_ajar` bigint(10) UNSIGNED NOT NULL,
  `jumlah_kompen` int(11) NOT NULL,
  `keterangan` varchar(255) NOT NULL,
  `tgl_alpha` date NOT NULL,
  `created_at` timestamp NULL DEFAULT NULL,
  `updated_at` timestamp NULL DEFAULT NULL
) ENGINE=InnoDB DEFAULT CHARSET=utf8mb4 COLLATE=utf8mb4_unicode_ci;

--
-- Dumping data for table `kompen_mhs`
--

INSERT INTO `kompen_mhs` (`id_kompen`, `id_mk`, `id_mhs`, `id_staff`, `id_tahun_ajar`, `jumlah_kompen`, `keterangan`, `tgl_alpha`, `created_at`, `updated_at`) VALUES
(1, 0, 1, 1, 0, 4, 'http://dummyimage.com/168x100.png/cc0000/ffffff', '0000-00-00', NULL, NULL),
(2, 0, 1, 1, 0, 4, 'http://dummyimage.com/168x100.png/cc0000/ffffff', '0000-00-00', NULL, NULL),
(3, 0, 1, 1, 0, 4, 'http://dummyimage.com/168x100.png/cc0000/ffffff', '0000-00-00', NULL, NULL);

-- --------------------------------------------------------

--
-- Table structure for table `logs`
--

CREATE TABLE `logs` (
  `id_tahun_ajar` bigint(20) UNSIGNED NOT NULL,
  `id_jdwl` bigint(20) UNSIGNED NOT NULL,
  `id_dosen` bigint(20) UNSIGNED NOT NULL,
  `tahun_awal` date NOT NULL,
  `tahun_akhir` date NOT NULL,
  `created_at` timestamp NULL DEFAULT NULL,
  `updated_at` timestamp NULL DEFAULT NULL
) ENGINE=InnoDB DEFAULT CHARSET=utf8mb4 COLLATE=utf8mb4_unicode_ci;

--
-- Dumping data for table `logs`
--

INSERT INTO `logs` (`id_tahun_ajar`, `id_jdwl`, `id_dosen`, `tahun_awal`, `tahun_akhir`, `created_at`, `updated_at`) VALUES
(1, 1, 23, '2023-09-25', '2024-02-10', '2023-11-17 16:53:00', '2023-11-17 16:53:00'),
(2, 2, 2, '2023-09-25', '2024-02-10', '2023-11-17 16:53:00', '2023-11-17 16:53:00'),
(3, 3, 25, '2023-09-25', '2024-02-10', '2023-11-17 16:53:00', '2023-11-17 16:53:00'),
(4, 4, 25, '2023-09-25', '2024-02-10', '2023-11-17 16:53:00', '2023-11-17 16:53:00'),
(5, 5, 7, '2023-09-25', '2024-02-10', '2023-11-17 16:53:00', '2023-11-17 16:53:00'),
(6, 6, 2, '2023-09-25', '2024-02-10', '2023-11-17 16:53:00', '2023-11-17 16:53:00'),
(7, 7, 2, '2023-09-25', '2024-02-10', '2023-11-17 16:53:00', '2023-11-17 16:53:00'),
(8, 8, 13, '2023-09-25', '2024-02-10', '2023-11-17 16:53:00', '2023-11-17 16:53:00'),
(9, 9, 20, '2023-09-25', '2024-02-10', '2023-11-17 16:53:00', '2023-11-17 16:53:00'),
(10, 10, 25, '2023-09-25', '2024-02-10', '2023-11-17 16:53:00', '2023-11-17 16:53:00'),
(11, 11, 2, '2023-09-25', '2024-02-10', '2023-11-17 16:53:00', '2023-11-17 16:53:00'),
(12, 12, 2, '2023-09-25', '2024-02-10', '2023-11-17 16:53:00', '2023-11-17 16:53:00'),
(13, 13, 2, '2023-09-25', '2024-02-10', '2023-11-17 16:53:00', '2023-11-17 16:53:00'),
(14, 14, 2, '2023-09-25', '2024-02-10', '2023-11-17 16:53:00', '2023-11-17 16:53:00'),
(15, 15, 13, '2023-09-25', '2024-02-10', '2023-11-17 16:53:00', '2023-11-17 16:53:00'),
(16, 16, 13, '2023-09-25', '2024-02-10', '2023-11-17 16:53:00', '2023-11-17 16:53:00'),
(17, 17, 13, '2023-09-25', '2024-02-10', '2023-11-17 16:53:00', '2023-11-17 16:53:00'),
(18, 18, 28, '2023-09-25', '2024-02-10', '2023-11-17 16:53:00', '2023-11-17 16:53:00'),
(19, 19, 13, '2023-09-25', '2024-02-10', '2023-11-17 16:53:00', '2023-11-17 16:53:00'),
(20, 20, 2, '2023-09-25', '2024-02-10', '2023-11-17 16:53:00', '2023-11-17 16:53:00'),
(21, 21, 13, '2023-09-25', '2024-02-10', '2023-11-17 16:53:00', '2023-11-17 16:53:00'),
(22, 22, 23, '2023-09-25', '2024-02-10', '2023-11-17 16:53:00', '2023-11-17 16:53:00'),
(23, 23, 23, '2023-09-25', '2024-02-10', '2023-11-17 16:53:00', '2023-11-17 16:53:00'),
(24, 24, 23, '2023-09-25', '2024-02-10', '2023-11-17 16:53:00', '2023-11-17 16:53:00'),
(25, 25, 3, '2023-09-25', '2024-02-10', '2023-11-17 16:53:00', '2023-11-17 16:53:00'),
(26, 26, 22, '2023-09-25', '2024-02-10', '2023-11-17 16:53:00', '2023-11-17 16:53:00'),
(27, 27, 22, '2023-09-25', '2024-02-10', '2023-11-17 16:53:00', '2023-11-17 16:53:00'),
(28, 28, 22, '2023-09-25', '2024-02-10', '2023-11-17 16:53:00', '2023-11-17 16:53:00'),
(29, 29, 23, '2023-09-25', '2024-02-10', '2023-11-17 16:53:00', '2023-11-17 16:53:00'),
(30, 30, 2, '2023-09-25', '2024-02-10', '2023-11-17 16:53:00', '2023-11-17 16:53:00'),
(31, 31, 23, '2023-09-25', '2024-02-10', '2023-11-17 16:53:00', '2023-11-17 16:53:00'),
(32, 32, 25, '2023-03-06', '2023-08-18', '2023-11-17 16:53:00', '2023-11-17 16:53:00'),
(33, 42, 5215248799, '2024-02-01', '2024-08-01', NULL, NULL);

-- --------------------------------------------------------

--
-- Table structure for table `mahasiswas`
--

CREATE TABLE `mahasiswas` (
  `id_mhs` bigint(20) UNSIGNED NOT NULL,
  `user_id` bigint(20) UNSIGNED NOT NULL,
  `id_kls` int(11) NOT NULL,
  `nim` varchar(255) NOT NULL,
  `nama` varchar(255) NOT NULL,
  `dosen_pa` bigint(20) UNSIGNED NOT NULL,
  `foto` varchar(255) NOT NULL,
  `no_hp` varchar(255) NOT NULL,
  `ket_status` enum('-','sp1','sp2','sp3','do') NOT NULL DEFAULT '-',
  `created_at` timestamp NULL DEFAULT NULL,
  `updated_at` timestamp NULL DEFAULT NULL
) ENGINE=InnoDB DEFAULT CHARSET=utf8mb4 COLLATE=utf8mb4_unicode_ci;

--
-- Dumping data for table `mahasiswas`
--

INSERT INTO `mahasiswas` (`id_mhs`, `user_id`, `id_kls`, `nim`, `nama`, `dosen_pa`, `foto`, `no_hp`, `ket_status`, `created_at`, `updated_at`) VALUES
(1, 1, 17, '3202116019', 'Azlina Asy Syifa', 13, 'http://dummyimage.com/168x100.png/cc0000/ffffff', '089522084654', '-', '2023-11-17 15:39:48', '2023-11-17 15:39:48'),
(2, 2, 17, '3202116023', 'Agistra Arifur Rahman', 13, 'http://dummyimage.com/168x100.png/cc0000/ffffff', '089522084654', '-', '2023-11-17 15:41:21', '2023-11-17 15:41:21'),
(3, 3, 17, '3202116024', 'Muhammad Nozaldi Radika', 13, 'http://dummyimage.com/168x100.png/cc0000/ffffff', '089522084654', '-', '2023-11-17 15:41:53', '2023-11-17 15:41:53'),
(4, 4, 17, '3202116025', 'Muhammad Fajar', 13, 'http://dummyimage.com/168x100.png/cc0000/ffffff', '089522084654', '-', '2023-11-17 15:42:03', '2023-11-17 15:42:03'),
(5, 5, 17, '3202116026', 'Syahira', 13, 'http://dummyimage.com/168x100.png/cc0000/ffffff', '089522084654', '-', '2023-11-17 15:42:20', '2023-11-17 15:42:20'),
(6, 6, 17, '3202116027', 'Muhammad Aprillahi Fedrian', 13, 'http://dummyimage.com/168x100.png/cc0000/ffffff', '089522084654', '-', '2023-11-17 15:42:35', '2023-11-17 15:42:35'),
(7, 7, 17, '3202116028', 'Nuradinda El Taufiq', 13, 'http://dummyimage.com/168x100.png/cc0000/ffffff', '089522084654', '-', '2023-11-17 15:43:23', '2023-11-17 15:43:23'),
(8, 8, 17, '3202116037', 'Andre Ramadiansyah', 13, 'http://dummyimage.com/168x100.png/cc0000/ffffff', '089522084654', '-', '2023-11-17 15:43:43', '2023-11-17 15:43:43'),
(9, 9, 17, '3202116039', 'Gusnaufal Razan', 13, 'http://dummyimage.com/168x100.png/cc0000/ffffff', '089522084654', '-', '2023-11-17 15:43:58', '2023-11-17 15:43:58'),
(10, 10, 17, '3202116049', 'Syifa Firdassina', 13, 'http://dummyimage.com/168x100.png/cc0000/ffffff', '089522084654', '-', '2023-11-17 15:54:30', '2023-11-17 15:54:30'),
(11, 11, 17, '3202116058', 'Dayang Desti Damayanti', 13, 'http://dummyimage.com/168x100.png/cc0000/ffffff', '089522084654', '-', '2023-11-17 15:55:44', '2023-11-17 15:55:44'),
(12, 12, 17, '3202116060', 'Putri Nadila Suryani', 13, 'http://dummyimage.com/168x100.png/cc0000/ffffff', '089522084654', '-', '2023-11-17 15:56:00', '2023-11-17 15:56:00'),
(13, 13, 17, '3202116061', 'Muhammad Vidi Rachman', 13, 'http://dummyimage.com/168x100.png/cc0000/ffffff', '089522084654', '-', '2023-11-17 15:56:09', '2023-11-17 15:56:09'),
(14, 14, 17, '3202116062', 'Herdini Nabila Kanesha', 13, 'http://dummyimage.com/168x100.png/cc0000/ffffff', '089522084654', '-', '2023-11-17 15:56:19', '2023-11-17 15:56:19'),
(15, 15, 17, '3202116067', 'Novan Febrian', 13, 'http://dummyimage.com/168x100.png/cc0000/ffffff', '089522084654', '-', '2023-11-17 15:56:29', '2023-11-17 15:56:29'),
(16, 16, 17, '3202116069', 'Refrisna Maulia Azwar', 13, 'http://dummyimage.com/168x100.png/cc0000/ffffff', '089522084654', '-', '2023-11-17 15:56:50', '2023-11-17 15:56:50'),
(17, 17, 17, '3202116074', 'Okta Maulana', 13, 'http://dummyimage.com/168x100.png/cc0000/ffffff', '089522084654', '-', '2023-11-17 15:57:06', '2023-11-17 15:57:06'),
(18, 18, 17, '3202116075', 'Adita Lesmana', 13, 'http://dummyimage.com/168x100.png/cc0000/ffffff', '089522084654', '-', '2023-11-17 15:57:14', '2023-11-17 15:57:14'),
(19, 19, 17, '3202116078', 'Febriansyah', 13, 'http://dummyimage.com/168x100.png/cc0000/ffffff', '089522084654', '-', '2023-11-17 15:57:22', '2023-11-17 15:57:22'),
(20, 20, 17, '3202116104', 'Maria Utri', 13, 'http://dummyimage.com/168x100.png/cc0000/ffffff', '089522084654', '-', '2023-11-17 15:57:30', '2023-11-17 15:57:30'),
(21, 21, 17, '3202116109', 'Aufa Daifullah', 13, 'http://dummyimage.com/168x100.png/cc0000/ffffff', '089522084654', '-', '2023-11-17 15:57:51', '2023-11-17 15:57:51'),
(22, 22, 17, '3202116110', 'Muhammad Abdul Warits', 13, 'http://dummyimage.com/168x100.png/cc0000/ffffff', '089522084654', '-', '2023-11-17 15:58:10', '2023-11-17 15:58:10'),
(23, 23, 17, '3202116111', 'Harry Anggara M.D', 13, 'http://dummyimage.com/168x100.png/cc0000/ffffff', '089522084654', '-', '2023-11-17 15:58:20', '2023-11-17 15:58:20'),
(24, 24, 17, '3202116112', 'Septiadi Hendra Saputra', 13, 'http://dummyimage.com/168x100.png/cc0000/ffffff', '089522084654', '-', '2023-11-17 15:58:28', '2023-11-17 15:58:28'),
(25, 25, 17, '3202116113', 'Immanuel Barus', 13, 'http://dummyimage.com/168x100.png/cc0000/ffffff', '089522084654', '-', '2023-11-17 15:58:36', '2023-11-17 15:58:36'),
(26, 26, 17, '3202016017', 'Eka Oktavia', 13, 'http://dummyimage.com/168x100.png/cc0000/ffffff', '089522084654', '-', '2023-11-17 15:58:44', '2023-11-17 15:58:44'),
(27, 27, 29, '3202116123', 'Nada Nurramdhani Rosmita', 13, 'http://dummyimage.com/168x100.png/cc0000/ffffff', '089522084654', '-', '2023-11-17 15:59:08', '2023-11-17 15:59:08'),
(28, 28, 29, '3202116124', 'Dede Parwadi', 13, 'http://dummyimage.com/168x100.png/cc0000/ffffff', '089522084654', '-', '2023-11-17 15:59:17', '2023-11-17 15:59:17'),
(29, 29, 29, '3202116125', 'Putri Yani', 13, 'http://dummyimage.com/168x100.png/cc0000/ffffff', '089522084654', '-', '2023-11-17 15:59:26', '2023-11-17 15:59:26'),
(30, 30, 29, '3202116126', 'Uray Tedy Aimar', 13, 'http://dummyimage.com/168x100.png/cc0000/ffffff', '089522084654', '-', '2023-11-17 15:59:33', '2023-11-17 15:59:33'),
(31, 31, 29, '3202116127', 'Rfika Dwi Juni', 13, 'http://dummyimage.com/168x100.png/cc0000/ffffff', '089522084654', '-', '2023-11-17 15:59:56', '2023-11-17 15:59:56'),
(32, 32, 29, '3202116129', 'Muhammad Yusni', 13, 'http://dummyimage.com/168x100.png/cc0000/ffffff', '089522084654', '-', '2023-11-17 16:00:10', '2023-11-17 16:00:10'),
(33, 33, 29, '3202116130', 'Azfa Mahendri', 13, 'http://dummyimage.com/168x100.png/cc0000/ffffff', '089522084654', '-', '2023-11-17 16:00:21', '2023-11-17 16:00:21'),
(34, 34, 29, '3202116132', 'Sky Aria Whijaya', 13, 'http://dummyimage.com/168x100.png/cc0000/ffffff', '089522084654', '-', '2023-11-17 16:00:30', '2023-11-17 16:00:30'),
(35, 35, 29, '3202116133', 'Tia Wiji Lestari', 13, 'http://dummyimage.com/168x100.png/cc0000/ffffff', '089522084654', '-', '2023-11-17 16:00:37', '2023-11-17 16:00:37'),
(36, 36, 29, '3202116134', 'Michael Angelie Pantouw', 13, 'http://dummyimage.com/168x100.png/cc0000/ffffff', '089522084654', '-', '2023-11-17 16:00:48', '2023-11-17 16:00:48'),
(37, 37, 29, '3202116136', 'Ghalib Fawwaz Ramadhan', 13, 'http://dummyimage.com/168x100.png/cc0000/ffffff', '089522084654', '-', '2023-11-17 16:00:55', '2023-11-17 16:00:55'),
(38, 38, 29, '3202116137', 'Muhammad Ikhsan', 13, 'http://dummyimage.com/168x100.png/cc0000/ffffff', '089522084654', '-', '2023-11-17 16:02:24', '2023-11-17 16:02:24'),
(39, 39, 11, '3202116011', 'Ridho Faturrahman', 13, 'http://dummyimage.com/168x100.png/cc0000/ffffff', '089522084654', '-', '2023-11-17 16:02:32', '2023-11-17 16:02:32'),
(40, 40, 11, '3202116012', 'Zidean Safwan Alfarozi', 13, 'http://dummyimage.com/168x100.png/cc0000/ffffff', '089522084654', '-', '2023-11-17 16:02:39', '2023-11-17 16:02:39'),
(41, 41, 11, '3202116013', 'Rida Ramdayani', 13, 'http://dummyimage.com/168x100.png/cc0000/ffffff', '089522084654', '-', '2023-11-17 16:04:19', '2023-11-17 16:04:19'),
(42, 42, 11, '3202116015', 'Muhammad Freza A Razak', 13, 'http://dummyimage.com/168x100.png/cc0000/ffffff', '089522084654', '-', '2023-11-17 16:04:26', '2023-11-17 16:04:26'),
(43, 43, 11, '3202116016', 'Surma Asbi', 13, 'http://dummyimage.com/168x100.png/cc0000/ffffff', '089522084654', '-', '2023-11-17 16:04:33', '2023-11-17 16:04:33'),
(44, 44, 11, '3202116017', 'Mustika', 13, 'http://dummyimage.com/168x100.png/cc0000/ffffff', '089522084654', '-', '2023-11-17 16:04:39', '2023-11-17 16:04:39'),
(45, 45, 11, '3202116018', 'Dea Windiyanti', 13, 'http://dummyimage.com/168x100.png/cc0000/ffffff', '089522084654', '-', '2023-11-17 16:04:48', '2023-11-17 16:04:48'),
(46, 46, 11, '3202116021', 'Hafiz Putra Pratama', 13, 'http://dummyimage.com/168x100.png/cc0000/ffffff', '089522084654', '-', '2023-11-17 16:04:57', '2023-11-17 16:04:57'),
(47, 47, 11, '3202116022', 'Ahmad Hayyunaji', 13, 'http://dummyimage.com/168x100.png/cc0000/ffffff', '089522084654', '-', '2023-11-17 16:05:08', '2023-11-17 16:05:08'),
(48, 51, 11, '3202116048', 'Anggi Aminah Putri', 13, 'http://dummyimage.com/168x100.png/cc0000/ffffff', '089522084654', '-', '2023-11-17 16:06:28', '2023-11-17 16:06:28'),
(52, 52, 11, '3202116052', 'Krisma', 13, 'http://dummyimage.com/168x100.png/cc0000/ffffff', '089522084654', '-', '2023-11-17 16:09:17', '2023-11-17 16:09:17'),
(53, 53, 11, '3202116055', 'Firza Febrian', 13, 'http://dummyimage.com/168x100.png/cc0000/ffffff', '089522084654', '-', '2023-11-17 16:09:27', '2023-11-17 16:09:27'),
(54, 54, 11, '3202116056', 'Resky Syarif Maulana', 13, 'http://dummyimage.com/168x100.png/cc0000/ffffff', '089522084654', '-', '2023-11-17 16:09:35', '2023-11-17 16:09:35'),
(55, 55, 11, '3202116057', 'Siti Rahma Azmi', 13, 'http://dummyimage.com/168x100.png/cc0000/ffffff', '089522084654', '-', '2023-11-17 16:09:46', '2023-11-17 16:09:46'),
(56, 56, 11, '3202116059', 'Haafizhar Al Fathan Syauqi', 13, 'http://dummyimage.com/168x100.png/cc0000/ffffff', '089522084654', '-', '2023-11-17 16:09:55', '2023-11-17 16:09:55'),
(57, 57, 11, '3202116063', 'Muhammad Ridho Madani', 13, 'http://dummyimage.com/168x100.png/cc0000/ffffff', '089522084654', '-', '2023-11-17 16:10:12', '2023-11-17 16:10:12'),
(58, 58, 11, '3202116064', 'Raka Maulana Iqalvi', 13, 'http://dummyimage.com/168x100.png/cc0000/ffffff', '089522084654', '-', '2023-11-17 16:10:19', '2023-11-17 16:10:19'),
(59, 59, 11, '3202116066', 'Umar Hafis Syafilla', 13, 'http://dummyimage.com/168x100.png/cc0000/ffffff', '089522084654', '-', '2023-11-17 16:10:28', '2023-11-17 16:10:28'),
(60, 60, 11, '3202116093', 'Elfa Cahya Jamiati', 13, 'http://dummyimage.com/168x100.png/cc0000/ffffff', '089522084654', '-', '2023-11-17 16:10:34', '2023-11-17 16:10:34'),
(61, 61, 11, '3202116097', 'Sany Adika Prayata', 13, 'http://dummyimage.com/168x100.png/cc0000/ffffff', '089522084654', '-', '2023-11-17 16:10:45', '2023-11-17 16:10:45'),
(62, 62, 11, '3202116098', 'Agung Sutiyo Sudrajad', 13, 'http://dummyimage.com/168x100.png/cc0000/ffffff', '089522084654', '-', '2023-11-17 16:10:53', '2023-11-17 16:10:53'),
(63, 63, 11, '3202116099', 'Akmal Muhammad Ridho', 13, 'http://dummyimage.com/168x100.png/cc0000/ffffff', '089522084654', '-', '2023-11-17 16:12:20', '2023-11-17 16:12:20'),
(64, 64, 11, '3202116100', 'Hafiz Al Qadri', 13, 'http://dummyimage.com/168x100.png/cc0000/ffffff', '089522084654', '-', '2023-11-17 16:12:27', '2023-11-17 16:12:27'),
(65, 65, 11, '3202116101', 'Vendy Paulus Pratama', 13, 'http://dummyimage.com/168x100.png/cc0000/ffffff', '089522084654', '-', '2023-11-17 16:12:34', '2023-11-17 16:12:34'),
(66, 66, 11, '3202116102', 'Chevin Suastika Sitorus', 13, 'http://dummyimage.com/168x100.png/cc0000/ffffff', '089522084654', '-', '2023-11-17 16:12:41', '2023-11-17 16:12:41'),
(67, 67, 11, '3202116103', 'Fitri Ambarwati', 13, 'http://dummyimage.com/168x100.png/cc0000/ffffff', '089522084654', '-', '2023-11-17 16:12:50', '2023-11-17 16:12:50'),
(68, 68, 11, '3202116105', 'Muhammad Haris Sulaiman', 13, 'http://dummyimage.com/168x100.png/cc0000/ffffff', '089522084654', '-', '2023-11-17 16:12:57', '2023-11-17 16:12:57'),
(69, 69, 5, '3202116001', 'Wadiiah Nurfadhilah', 13, 'http://dummyimage.com/168x100.png/cc0000/ffffff', '089522084654', '-', '2023-11-17 16:13:44', '2023-11-17 16:13:44'),
(70, 70, 5, '3202116002', 'Arif Dwi Nugroho', 13, 'http://dummyimage.com/168x100.png/cc0000/ffffff', '089522084654', '-', '2023-11-17 16:14:19', '2023-11-17 16:14:19'),
(71, 71, 5, '3202116003', 'Diva Calista', 13, 'http://dummyimage.com/168x100.png/cc0000/ffffff', '089522084654', '-', '2023-11-17 16:14:36', '2023-11-17 16:14:36'),
(72, 72, 5, '3202116004', 'Rizky Ramadhan', 13, 'http://dummyimage.com/168x100.png/cc0000/ffffff', '089522084654', '-', '2023-11-17 16:14:48', '2023-11-17 16:14:48'),
(73, 73, 5, '3202116005', 'Adi Suryadi', 13, 'http://dummyimage.com/168x100.png/cc0000/ffffff', '089522084654', '-', '2023-11-17 16:14:56', '2023-11-17 16:14:56'),
(74, 74, 5, '3202116006', 'Natasha Melinda', 13, 'http://dummyimage.com/168x100.png/cc0000/ffffff', '089522084654', '-', '2023-11-17 16:15:03', '2023-11-17 16:15:03'),
(75, 75, 5, '3202116008', 'Yachzee Aleandri Oktaurat Tarigan', 13, 'http://dummyimage.com/168x100.png/cc0000/ffffff', '089522084654', '-', '2023-11-17 16:15:09', '2023-11-17 16:15:09'),
(76, 76, 5, '3202116009', 'Sy.Muhammad Irfan', 13, 'http://dummyimage.com/168x100.png/cc0000/ffffff', '089522084654', '-', '2023-11-17 16:15:42', '2023-11-17 16:15:42'),
(77, 77, 5, '3202116010', 'Fiqri Raihan Nanda', 13, 'http://dummyimage.com/168x100.png/cc0000/ffffff', '089522084654', '-', '2023-11-17 16:15:48', '2023-11-17 16:15:48'),
(78, 78, 5, '3202116014', 'Ashaf Fauzan Maulana', 13, 'http://dummyimage.com/168x100.png/cc0000/ffffff', '089522084654', '-', '2023-11-17 16:15:57', '2023-11-17 16:15:57'),
(79, 79, 5, '3202116035', 'Iqbal Fiqri Ramadhan', 13, 'http://dummyimage.com/168x100.png/cc0000/ffffff', '089522084654', '-', '2023-11-17 16:16:05', '2023-11-17 16:16:05'),
(80, 80, 5, '3202116036', 'Falaah Bintang Armen Harahap', 13, 'http://dummyimage.com/168x100.png/cc0000/ffffff', '089522084654', '-', '2023-11-17 16:16:11', '2023-11-17 16:16:11'),
(81, 81, 5, '3202116038', 'Weldy Flaminggo', 13, 'http://dummyimage.com/168x100.png/cc0000/ffffff', '089522084654', '-', '2023-11-17 16:16:18', '2023-11-17 16:16:18'),
(82, 82, 5, '3202116040', 'Sabakti Okmalaputra', 13, 'http://dummyimage.com/168x100.png/cc0000/ffffff', '089522084654', '-', '2023-11-17 16:16:25', '2023-11-17 16:16:25'),
(83, 83, 5, '3202116042', 'Ridho Setiawan', 13, 'http://dummyimage.com/168x100.png/cc0000/ffffff', '089522084654', '-', '2023-11-17 16:16:34', '2023-11-17 16:16:34'),
(85, 85, 5, '3202116043', 'Sharif Hidayat', 13, 'http://dummyimage.com/168x100.png/cc0000/ffffff', '089522084654', '-', '2023-11-17 16:17:29', '2023-11-17 16:17:29'),
(86, 86, 5, '3202116044', 'Novia Safitri', 13, 'http://dummyimage.com/168x100.png/cc0000/ffffff', '089522084654', '-', '2023-11-17 16:17:57', '2023-11-17 16:17:57'),
(87, 87, 5, '3202116046', 'Firman Hidayat', 13, 'http://dummyimage.com/168x100.png/cc0000/ffffff', '089522084654', '-', '2023-11-17 16:18:02', '2023-11-17 16:18:02'),
(88, 88, 5, '3202116051', 'Fahryan Bagus Ananda', 13, 'http://dummyimage.com/168x100.png/cc0000/ffffff', '089522084654', '-', '2023-11-17 16:18:09', '2023-11-17 16:18:09'),
(89, 89, 5, '3202116085', 'Agustia Lita', 13, 'http://dummyimage.com/168x100.png/cc0000/ffffff', '089522084654', '-', '2023-11-17 16:18:15', '2023-11-17 16:18:15'),
(90, 90, 5, '3202116087', 'Fajri Maulana Harris', 13, 'http://dummyimage.com/168x100.png/cc0000/ffffff', '089522084654', '-', '2023-11-17 16:18:21', '2023-11-17 16:18:21'),
(91, 91, 5, '3202116088', 'Jidan', 13, 'http://dummyimage.com/168x100.png/cc0000/ffffff', '089522084654', '-', '2023-11-17 16:18:26', '2023-11-17 16:18:26'),
(92, 92, 5, '3202116089', 'Rudiyat', 13, 'http://dummyimage.com/168x100.png/cc0000/ffffff', '089522084654', '-', '2023-11-17 16:18:34', '2023-11-17 16:18:34'),
(93, 93, 5, '3202116094', 'M.Dedi Robyyanto', 13, 'http://dummyimage.com/168x100.png/cc0000/ffffff', '089522084654', '-', '2023-11-17 16:18:41', '2023-11-17 16:18:41'),
(94, 94, 5, '3202116095', 'Nasrul Aditiya', 13, 'http://dummyimage.com/168x100.png/cc0000/ffffff', '089522084654', '-', '2023-11-17 16:18:48', '2023-11-17 16:18:48'),
(95, 95, 5, '3202016119', 'Afillah Fahrur Robby', 13, 'http://dummyimage.com/168x100.png/cc0000/ffffff', '089522084654', '-', '2023-11-17 16:18:56', '2023-11-17 16:18:56'),
(96, 96, 23, '3202116029', 'Naurah Adinda Aprilia', 13, 'http://dummyimage.com/168x100.png/cc0000/ffffff', '089522084654', '-', '2023-11-17 16:19:15', '2023-11-17 16:19:15'),
(97, 97, 23, '3202116031', 'Aryo Wibowo', 13, 'http://dummyimage.com/168x100.png/cc0000/ffffff', '089522084654', '-', '2023-11-17 16:19:22', '2023-11-17 16:19:22'),
(98, 98, 23, '3202116032', 'Walillah', 13, 'http://dummyimage.com/168x100.png/cc0000/ffffff', '089522084654', '-', '2023-11-17 16:19:30', '2023-11-17 16:19:30'),
(99, 99, 23, '3202116033', 'Ifdul Rahman', 13, 'http://dummyimage.com/168x100.png/cc0000/ffffff', '089522084654', '-', '2023-11-17 16:19:37', '2023-11-17 16:19:37'),
(100, 100, 23, '3202116034', 'Alzahri Okta Pratama', 13, 'http://dummyimage.com/168x100.png/cc0000/ffffff', '089522084654', '-', '2023-11-17 16:19:48', '2023-11-17 16:19:48'),
(101, 101, 23, '3202116041', 'Abdul Rohim', 13, 'http://dummyimage.com/168x100.png/cc0000/ffffff', '089522084654', '-', '2023-11-17 16:20:01', '2023-11-17 16:20:01'),
(102, 102, 23, '3202116053', 'Juwita', 13, 'http://dummyimage.com/168x100.png/cc0000/ffffff', '089522084654', '-', '2023-11-17 16:20:07', '2023-11-17 16:20:07'),
(103, 103, 23, '3202116054', 'Nadia Sabrina', 13, 'http://dummyimage.com/168x100.png/cc0000/ffffff', '089522084654', '-', '2023-11-17 16:20:14', '2023-11-17 16:20:14'),
(104, 104, 23, '3202116068', 'Dhesty Aulia Pinanti', 13, 'http://dummyimage.com/168x100.png/cc0000/ffffff', '089522084654', '-', '2023-11-17 16:20:22', '2023-11-17 16:20:22'),
(105, 105, 23, '3202116076', 'Alda Rahmanita', 13, 'http://dummyimage.com/168x100.png/cc0000/ffffff', '089522084654', '-', '2023-11-17 16:20:32', '2023-11-17 16:20:32'),
(106, 106, 23, '3202116077', 'Uchi Hardiana', 13, 'http://dummyimage.com/168x100.png/cc0000/ffffff', '089522084654', '-', '2023-11-17 16:20:40', '2023-11-17 16:20:40'),
(107, 107, 23, '3202116079', 'Naufal Nadhif', 13, 'http://dummyimage.com/168x100.png/cc0000/ffffff', '089522084654', '-', '2023-11-17 16:20:49', '2023-11-17 16:20:49'),
(108, 108, 23, '3202116080', 'Naufal Nadhif', 13, 'http://dummyimage.com/168x100.png/cc0000/ffffff', '089522084654', '-', '2023-11-17 16:20:55', '2023-11-17 16:20:55'),
(110, 110, 23, '3202116082', 'Asrul Nursalam', 13, 'http://dummyimage.com/168x100.png/cc0000/ffffff', '089522084654', '-', '2023-11-17 16:21:07', '2023-11-17 16:21:07'),
(111, 111, 23, '3202116083', 'Ahmad Choirudin', 13, 'http://dummyimage.com/168x100.png/cc0000/ffffff', '089522084654', '-', '2023-11-17 16:21:14', '2023-11-17 16:21:14'),
(112, 112, 23, '3202116084', 'Azzam Wildan Mascaty', 13, 'http://dummyimage.com/168x100.png/cc0000/ffffff', '089522084654', '-', '2023-11-17 16:21:21', '2023-11-17 16:21:21'),
(113, 113, 23, '3202116090', 'Muhammad Alfa Rizky', 13, 'http://dummyimage.com/168x100.png/cc0000/ffffff', '089522084654', '-', '2023-11-17 16:21:29', '2023-11-17 16:21:29'),
(114, 114, 23, '3202116091', 'Rochmadi', 13, 'http://dummyimage.com/168x100.png/cc0000/ffffff', '089522084654', '-', '2023-11-17 16:21:35', '2023-11-17 16:21:35'),
(115, 115, 23, '3202116107', 'Nabila', 13, 'http://dummyimage.com/168x100.png/cc0000/ffffff', '089522084654', '-', '2023-11-17 16:21:52', '2023-11-17 16:21:52'),
(116, 116, 23, '3202116108', 'Raisya Wandha Saputri', 13, 'http://dummyimage.com/168x100.png/cc0000/ffffff', '089522084654', '-', '2023-11-17 16:21:58', '2023-11-17 16:21:58'),
(117, 117, 23, '3202116115', 'Rizki Alif Akhbar', 13, 'http://dummyimage.com/168x100.png/cc0000/ffffff', '089522084654', '-', '2023-11-17 16:22:15', '2023-11-17 16:22:15'),
(118, 118, 23, '3202116116', 'Fachrul Mauliddin', 13, 'http://dummyimage.com/168x100.png/cc0000/ffffff', '089522084654', '-', '2023-11-17 16:22:26', '2023-11-17 16:22:26'),
(119, 119, 23, '3202116117', 'Azie Anggoro Subekti', 13, 'http://dummyimage.com/168x100.png/cc0000/ffffff', '089522084654', '-', '2023-11-17 16:22:33', '2023-11-17 16:22:33'),
(120, 120, 23, '3202116118', 'Brigitha Nitiari', 13, 'http://dummyimage.com/168x100.png/cc0000/ffffff', '089522084654', '-', '2023-11-17 16:22:41', '2023-11-17 16:22:41'),
(121, 121, 23, '3202116119', 'Muhammad Ricad Khaizuran', 13, 'http://dummyimage.com/168x100.png/cc0000/ffffff', '089522084654', '-', '2023-11-17 16:22:50', '2023-11-17 16:22:50');

-- --------------------------------------------------------

--
-- Table structure for table `matkuls`
--

CREATE TABLE `matkuls` (
  `id_mk` bigint(20) UNSIGNED NOT NULL,
  `kd_mk` varchar(255) NOT NULL,
  `nama` varchar(255) NOT NULL,
  `smt` varchar(255) NOT NULL,
  `sks` int(11) NOT NULL,
  `created_at` timestamp NULL DEFAULT NULL,
  `updated_at` timestamp NULL DEFAULT NULL
) ENGINE=InnoDB DEFAULT CHARSET=utf8mb4 COLLATE=utf8mb4_unicode_ci;

--
-- Dumping data for table `matkuls`
--

INSERT INTO `matkuls` (`id_mk`, `kd_mk`, `nama`, `smt`, `sks`, `created_at`, `updated_at`) VALUES
(1, 'TIF10118', 'Pancasila', '1', 2, '2023-11-17 16:51:05', '2023-11-17 16:51:05'),
(2, 'TIF10218', 'Matematika 1', '1', 2, '2023-11-17 16:51:05', '2023-11-17 16:51:05'),
(3, 'TIF30318', 'Pengantar Teknologi Informa', '1', 3, '2023-11-17 16:51:05', '2023-11-17 16:51:05'),
(4, 'TIF10418', 'Pemrograman Terstruktur', '1', 2, '2023-11-17 16:51:05', '2023-11-17 16:51:05'),
(5, 'TIF10518', 'Paket Program Terapan', '1', 2, '2023-11-17 16:51:05', '2023-11-17 16:51:05'),
(6, 'TIF30618', 'Algoritma Pemrograman', '1', 3, '2023-11-17 16:51:05', '2023-11-17 16:51:05'),
(7, 'TIF20718', 'Praktikum Pemrograman Terst', '1', 3, '2023-11-17 16:51:05', '2023-11-17 16:51:05'),
(8, 'TIF20818', 'Praktikum Paket Program Ter', '1', 2, '2023-11-17 16:51:05', '2023-11-17 16:51:05'),
(9, 'TIF11918', 'Agama', '3', 2, '2023-11-17 16:51:05', '2023-11-17 16:51:05'),
(10, 'TIF12018', 'Bahasa Inggris 1', '3', 5, '2023-11-17 16:51:05', '2023-11-17 16:51:05'),
(11, 'TIF12118', 'Metode Numerik', '3', 1, '2023-11-17 16:51:05', '2023-11-17 16:51:05'),
(12, 'TIF12318', 'Pemrograman Visual', '3', 2, '2023-11-17 16:51:05', '2023-11-17 16:51:05'),
(13, 'TIF22418', 'Sistem Operasi', '3', 2, '2023-11-17 16:51:05', '2023-11-17 16:51:05'),
(14, 'TIF22518', 'Praktikum Pemrograman Visua', '3', 3, '2023-11-17 16:51:05', '2023-11-17 16:51:05'),
(15, 'TIF22618', 'Praktikum Metode Numerik', '3', 2, '2023-11-17 16:51:05', '2023-11-17 16:51:05'),
(16, 'TIF12718', 'Organisasi dan Manajemen', '3', 2, '2023-11-17 16:51:05', '2023-11-17 16:51:05'),
(17, 'TIF13718', 'Etika Profesi', '5', 2, '2023-11-17 16:51:05', '2023-11-17 16:51:05'),
(18, 'TIF13818', 'Kewirausahaan', '5', 1, '2023-11-17 16:51:05', '2023-11-17 16:51:05'),
(19, 'TIF13918', 'Pemrograman Web', '5', 2, '2023-11-17 16:51:05', '2023-11-17 16:51:05'),
(20, 'TIF34018', 'Rekayasa Perangkat Lunak', '5', 3, '2023-11-17 16:51:05', '2023-11-17 16:51:05'),
(21, 'TIF14118', 'Jaringan Komputer Lanjut', '5', 2, '2023-11-17 16:51:05', '2023-11-17 16:51:05'),
(22, 'TIF24218', 'Praktikum Jaringan Komputer', '5', 3, '2023-11-17 16:51:05', '2023-11-17 16:51:05'),
(23, 'TIF24318', 'Project Basic Learning', '5', 4, '2023-11-17 16:51:05', '2023-11-17 16:51:05'),
(24, 'TIF24418', 'Praktikum Pemrograman Web', '5', 2, '2023-11-17 16:51:05', '2023-11-17 16:51:05');

-- --------------------------------------------------------

--
-- Table structure for table `migrations`
--

CREATE TABLE `migrations` (
  `id` int(10) UNSIGNED NOT NULL,
  `migration` varchar(255) NOT NULL,
  `batch` int(11) NOT NULL
) ENGINE=InnoDB DEFAULT CHARSET=utf8mb4 COLLATE=utf8mb4_unicode_ci;

--
-- Dumping data for table `migrations`
--

INSERT INTO `migrations` (`id`, `migration`, `batch`) VALUES
(1, '2014_10_12_000000_create_users_table', 1),
(2, '2014_10_12_100000_create_password_reset_tokens_table', 1),
(3, '2019_08_19_000000_create_failed_jobs_table', 1),
(4, '2019_12_14_000001_create_personal_access_tokens_table', 1),
(5, '2023_11_16_111214_create_matkuls', 1),
(6, '2023_11_16_111425_create_kelas', 1),
(7, '2023_11_16_111445_create_jadwals', 1),
(8, '2023_11_16_111701_create_admins', 1),
(9, '2023_11_16_111714_create_dosens', 1),
(10, '2023_11_16_111718_create_mahasiswas', 1),
(11, '2023_11_16_111806_create_logs', 1),
(12, '2023_11_16_1118341_create_presensis', 1),
(13, '2023_11_16_111915_create_ket_mhs', 1),
(14, '2023_11_16_111927_create_berita_acara', 1),
(15, '2023_11_16_111945_create_kompen_mhs', 1),
(16, '2024_07_26_070525_create_presensi_table', 1),
(17, '2024_07_26_085818_create_revisi_presensi_table', 1),
(18, '2024_07_27_054823_create_sessions_table', 1),
(19, '2024_07_27_133923_create_dosen_table', 1),
(20, '2024_07_28_083144_create_kompen_mahasiswa_table', 1),
(21, '2024_07_28_083340_create_mahasiswa_table', 1),
(22, '2024_07_28_083540_create_matkul_table', 1),
(23, '2024_07_28_131246_create_cicil_kompen_table', 1),
(24, '2024_07_28_132327_create_admin_table', 1),
(25, '2024_07_28_132622_create_ket_mahasiswa_table', 1),
(26, '2024_07_29_042101_create_sp_table', 1),
(27, '2024_07_30_013307_create_jadwal_table', 1),
(28, '2024_07_31_085951_create_kaldiks_table', 1),
(35, '2024_08_05_104151_create_cicil_kompens', 2),
(36, '2024_08_05_104232_create_sps_table', 2),
(37, '2024_08_05_104328_create_revisi_presensis_table', 2);

-- --------------------------------------------------------

--
-- Table structure for table `password_reset_tokens`
--

CREATE TABLE `password_reset_tokens` (
  `email` varchar(255) NOT NULL,
  `token` varchar(255) NOT NULL,
  `created_at` timestamp NULL DEFAULT NULL
) ENGINE=InnoDB DEFAULT CHARSET=utf8mb4 COLLATE=utf8mb4_unicode_ci;

-- --------------------------------------------------------

--
-- Table structure for table `personal_access_tokens`
--

CREATE TABLE `personal_access_tokens` (
  `id` bigint(20) UNSIGNED NOT NULL,
  `tokenable_type` varchar(255) NOT NULL,
  `tokenable_id` bigint(20) UNSIGNED NOT NULL,
  `name` varchar(255) NOT NULL,
  `token` varchar(64) NOT NULL,
  `abilities` text DEFAULT NULL,
  `last_used_at` timestamp NULL DEFAULT NULL,
  `expires_at` timestamp NULL DEFAULT NULL,
  `created_at` timestamp NULL DEFAULT NULL,
  `updated_at` timestamp NULL DEFAULT NULL
) ENGINE=InnoDB DEFAULT CHARSET=utf8mb4 COLLATE=utf8mb4_unicode_ci;

-- --------------------------------------------------------

--
-- Table structure for table `presensis`
--

CREATE TABLE `presensis` (
  `id_presensi` bigint(20) UNSIGNED NOT NULL,
  `id_mhs` bigint(20) UNSIGNED NOT NULL,
  `id_tahun_ajar` bigint(20) UNSIGNED NOT NULL,
  `tgl` date NOT NULL,
  `start_kls` time NOT NULL,
  `finish_kls` time DEFAULT NULL,
  `kehadiran` int(11) DEFAULT NULL,
  `ketidakhadiran` int(11) NOT NULL,
  `status` enum('A','I','S') DEFAULT NULL,
  `created_at` timestamp NULL DEFAULT NULL,
  `updated_at` timestamp NULL DEFAULT NULL
) ENGINE=InnoDB DEFAULT CHARSET=utf8mb4 COLLATE=utf8mb4_unicode_ci;

--
-- Dumping data for table `presensis`
--

INSERT INTO `presensis` (`id_presensi`, `id_mhs`, `id_tahun_ajar`, `tgl`, `start_kls`, `finish_kls`, `kehadiran`, `ketidakhadiran`, `status`, `created_at`, `updated_at`) VALUES
(1, 1, 1, '2023-09-25', '07:00:00', '12:15:00', 0, 6, 'A', NULL, NULL),
(2, 2, 1, '2023-09-25', '07:00:00', '12:15:00', 6, 0, NULL, NULL, NULL),
(3, 3, 1, '2023-09-25', '07:00:00', '12:15:00', 6, 0, NULL, NULL, NULL),
(4, 4, 1, '2023-09-25', '07:00:00', '12:15:00', 0, 6, 'A', NULL, NULL),
(5, 5, 1, '2023-09-25', '07:00:00', '12:15:00', 6, 0, '', NULL, NULL),
(6, 6, 1, '2023-09-25', '07:00:00', '12:15:00', 6, 0, NULL, NULL, NULL),
(7, 7, 1, '2023-09-25', '07:00:00', '12:15:00', 6, 0, NULL, NULL, NULL),
(8, 8, 1, '2023-09-25', '07:00:00', '12:15:00', 0, 6, 'I', NULL, NULL),
(9, 9, 1, '2023-09-25', '07:00:00', '12:15:00', 6, 0, NULL, NULL, NULL),
(10, 10, 1, '2023-09-25', '07:00:00', '12:15:00', 6, 0, NULL, NULL, NULL),
(11, 11, 1, '2023-09-25', '07:00:00', '12:15:00', 6, 0, NULL, NULL, NULL),
(12, 12, 1, '2023-09-25', '07:00:00', '12:15:00', 6, 0, NULL, NULL, NULL),
(13, 13, 1, '2023-09-25', '07:00:00', '12:15:00', 6, 0, NULL, NULL, NULL),
(14, 14, 1, '2023-09-25', '07:00:00', '12:15:00', 6, 0, NULL, NULL, NULL),
(15, 15, 1, '2023-09-25', '07:00:00', '12:15:00', 6, 0, NULL, NULL, NULL),
(16, 16, 1, '2023-09-25', '07:00:00', '12:15:00', 6, 0, NULL, NULL, NULL),
(17, 17, 1, '2023-09-25', '07:00:00', '12:15:00', 6, 0, NULL, NULL, NULL),
(18, 18, 1, '2023-09-25', '07:00:00', '12:15:00', 6, 0, NULL, NULL, NULL),
(19, 19, 1, '2023-09-25', '07:00:00', '12:15:00', 6, 0, NULL, NULL, NULL),
(20, 20, 1, '2023-09-25', '07:00:00', '12:15:00', 6, 0, NULL, NULL, NULL),
(21, 21, 1, '2023-09-25', '07:00:00', '12:15:00', 0, 6, 'S', NULL, NULL),
(22, 22, 1, '2023-09-25', '07:00:00', '12:15:00', 6, 0, NULL, NULL, NULL),
(23, 23, 1, '2023-09-25', '07:00:00', '12:15:00', 6, 0, NULL, NULL, NULL),
(24, 24, 1, '2023-09-25', '07:00:00', '12:15:00', 6, 0, NULL, NULL, NULL),
(25, 25, 1, '2023-09-25', '07:00:00', '12:15:00', 0, 6, 'S', NULL, NULL),
(26, 26, 1, '2023-09-25', '07:00:00', '12:15:00', 6, 0, NULL, NULL, NULL),
(27, 1, 2, '2023-09-25', '13:00:00', '18:00:00', 0, 6, 'A', NULL, NULL),
(28, 2, 2, '2023-09-25', '13:00:00', '18:00:00', 5, 0, NULL, NULL, NULL),
(29, 3, 2, '2023-09-25', '13:00:00', '18:00:00', 5, 0, NULL, NULL, NULL),
(30, 4, 2, '2023-09-25', '13:00:00', '18:00:00', 0, 5, 'S', NULL, NULL),
(31, 5, 2, '2023-09-25', '13:00:00', '18:00:00', 5, 0, '', NULL, NULL),
(32, 6, 2, '2023-09-25', '13:00:00', '18:00:00', 5, 0, NULL, NULL, NULL),
(33, 7, 2, '2023-09-25', '13:00:00', '18:00:00', 5, 0, NULL, NULL, NULL),
(34, 8, 2, '2023-09-25', '13:00:00', '18:00:00', 0, 5, 'I', NULL, NULL),
(35, 9, 2, '2023-09-25', '13:00:00', '18:00:00', 5, 0, NULL, NULL, NULL),
(36, 10, 2, '2023-09-25', '13:00:00', '18:00:00', 5, 0, NULL, NULL, NULL),
(37, 11, 2, '2023-09-25', '13:00:00', '18:00:00', 5, 0, NULL, NULL, NULL),
(38, 12, 2, '2023-09-25', '13:00:00', '18:00:00', 5, 0, NULL, NULL, NULL),
(39, 13, 2, '2023-09-25', '13:00:00', '18:00:00', 5, 0, NULL, NULL, NULL),
(40, 14, 2, '2023-09-25', '13:00:00', '18:00:00', 5, 0, NULL, NULL, NULL),
(41, 15, 2, '2023-09-25', '13:00:00', '18:00:00', 5, 0, NULL, NULL, NULL),
(42, 16, 2, '2023-09-25', '13:00:00', '18:00:00', 5, 0, NULL, NULL, NULL),
(43, 17, 2, '2023-09-25', '13:00:00', '18:00:00', 5, 0, NULL, NULL, NULL),
(44, 18, 2, '2023-09-25', '13:00:00', '18:00:00', 5, 0, NULL, NULL, NULL),
(45, 19, 2, '2023-09-25', '13:00:00', '18:00:00', 5, 0, NULL, NULL, NULL),
(46, 20, 2, '2023-09-25', '13:00:00', '18:00:00', 5, 0, NULL, NULL, NULL),
(47, 21, 2, '2023-09-25', '13:00:00', '18:00:00', 0, 5, 'S', NULL, NULL),
(48, 22, 2, '2023-09-25', '13:00:00', '18:00:00', 5, 0, NULL, NULL, NULL),
(49, 23, 2, '2023-09-25', '13:00:00', '18:00:00', 5, 0, NULL, NULL, NULL),
(50, 24, 2, '2023-09-25', '13:00:00', '18:00:00', 5, 0, NULL, NULL, NULL),
(51, 25, 2, '2023-09-25', '13:00:00', '18:00:00', 0, 5, 'S', NULL, NULL),
(52, 26, 2, '2023-09-25', '13:00:00', '18:00:00', 5, 0, NULL, NULL, NULL),
(53, 1, 3, '2023-09-26', '07:00:00', '10:35:00', 0, 6, 'A', NULL, NULL),
(54, 2, 3, '2023-09-26', '07:00:00', '10:35:00', 4, 0, NULL, NULL, NULL),
(55, 3, 3, '2023-09-26', '07:00:00', '10:35:00', 4, 0, NULL, NULL, NULL),
(56, 4, 3, '2023-09-26', '07:00:00', '10:35:00', 4, 0, NULL, NULL, NULL),
(57, 5, 3, '2023-09-26', '07:00:00', '10:35:00', 4, 0, '', NULL, NULL),
(58, 6, 3, '2023-09-26', '07:00:00', '10:35:00', 4, 0, NULL, NULL, NULL),
(59, 7, 3, '2023-09-26', '07:00:00', '10:35:00', 4, 0, NULL, NULL, NULL),
(60, 8, 3, '2023-09-26', '07:00:00', '10:35:00', 4, 4, 'S', NULL, NULL),
(61, 9, 3, '2023-09-26', '07:00:00', '10:35:00', 4, 0, NULL, NULL, NULL),
(62, 10, 3, '2023-09-26', '07:00:00', '10:35:00', 4, 0, NULL, NULL, NULL),
(63, 11, 3, '2023-09-26', '07:00:00', '10:35:00', 4, 0, NULL, NULL, NULL),
(64, 12, 3, '2023-09-26', '07:00:00', '10:35:00', 4, 0, NULL, NULL, NULL),
(65, 13, 3, '2023-09-26', '07:00:00', '10:35:00', 4, 0, NULL, NULL, NULL),
(66, 14, 3, '2023-09-26', '07:00:00', '10:35:00', 4, 0, NULL, NULL, NULL),
(67, 15, 3, '2023-09-26', '07:00:00', '10:35:00', 4, 0, NULL, NULL, NULL),
(68, 16, 3, '2023-09-26', '07:00:00', '10:35:00', 4, 0, NULL, NULL, NULL),
(69, 17, 3, '2023-09-26', '07:00:00', '10:35:00', 4, 0, NULL, NULL, NULL),
(70, 18, 3, '2023-09-26', '07:00:00', '10:35:00', 4, 0, NULL, NULL, NULL),
(71, 19, 3, '2023-09-26', '07:00:00', '10:35:00', 4, 0, NULL, NULL, NULL),
(72, 20, 3, '2023-09-26', '07:00:00', '10:35:00', 4, 0, NULL, NULL, NULL),
(73, 21, 3, '2023-09-26', '07:00:00', '10:35:00', 4, 4, 'S', NULL, NULL),
(74, 22, 3, '2023-09-26', '07:00:00', '10:35:00', 4, 0, NULL, NULL, NULL),
(75, 23, 3, '2023-09-26', '07:00:00', '10:35:00', 4, 0, NULL, NULL, NULL),
(76, 24, 3, '2023-09-26', '07:00:00', '10:35:00', 4, 0, NULL, NULL, NULL),
(77, 25, 3, '2023-09-26', '07:00:00', '10:35:00', 4, 4, 'S', NULL, NULL),
(78, 26, 3, '2023-09-26', '07:00:00', '10:35:00', 4, 0, NULL, NULL, NULL),
(79, 1, 4, '2023-09-26', '10:35:00', '18:00:00', 7, 0, NULL, NULL, NULL),
(80, 2, 4, '2023-09-26', '10:35:00', '18:00:00', 7, 0, NULL, NULL, NULL),
(81, 3, 4, '2023-09-26', '10:35:00', '18:00:00', 7, 0, NULL, NULL, NULL),
(82, 4, 4, '2023-09-26', '10:35:00', '18:00:00', 7, 0, NULL, NULL, NULL),
(83, 5, 4, '2023-09-26', '10:35:00', '18:00:00', 7, 0, '', NULL, NULL),
(84, 6, 4, '2023-09-26', '10:35:00', '18:00:00', 7, 0, NULL, NULL, NULL),
(85, 7, 4, '2023-09-26', '10:35:00', '18:00:00', 7, 0, NULL, NULL, NULL),
(86, 8, 4, '2023-09-26', '10:35:00', '18:00:00', 0, 7, 'S', NULL, NULL),
(87, 9, 4, '2023-09-26', '10:35:00', '18:00:00', 7, 0, NULL, NULL, NULL),
(88, 10, 4, '2023-09-26', '10:35:00', '18:00:00', 7, 0, NULL, NULL, NULL),
(89, 11, 4, '2023-09-26', '10:35:00', '18:00:00', 7, 0, NULL, NULL, NULL),
(90, 12, 4, '2023-09-26', '10:35:00', '18:00:00', 7, 0, NULL, NULL, NULL),
(91, 13, 4, '2023-09-26', '10:35:00', '18:00:00', 7, 0, NULL, NULL, NULL),
(92, 14, 4, '2023-09-26', '10:35:00', '18:00:00', 7, 0, NULL, NULL, NULL),
(93, 15, 4, '2023-09-26', '10:35:00', '18:00:00', 7, 0, NULL, NULL, NULL),
(94, 16, 4, '2023-09-26', '10:35:00', '18:00:00', 7, 0, NULL, NULL, NULL),
(95, 17, 4, '2023-09-26', '10:35:00', '18:00:00', 7, 0, NULL, NULL, NULL),
(96, 18, 4, '2023-09-26', '10:35:00', '18:00:00', 7, 0, NULL, NULL, NULL),
(97, 19, 4, '2023-09-26', '10:35:00', '18:00:00', 7, 0, NULL, NULL, NULL),
(98, 20, 4, '2023-09-26', '10:35:00', '18:00:00', 7, 0, NULL, NULL, NULL),
(99, 21, 4, '2023-09-26', '10:35:00', '18:00:00', 0, 7, 'S', NULL, NULL),
(100, 22, 4, '2023-09-26', '10:35:00', '18:00:00', 7, 0, NULL, NULL, NULL),
(101, 23, 4, '2023-09-26', '10:35:00', '18:00:00', 7, 0, NULL, NULL, NULL),
(102, 24, 4, '2023-09-26', '10:35:00', '18:00:00', 7, 0, NULL, NULL, NULL),
(103, 25, 4, '2023-09-26', '10:35:00', '18:00:00', 0, 7, 'S', NULL, NULL),
(104, 26, 4, '2023-09-26', '10:35:00', '18:00:00', 7, 0, NULL, NULL, NULL),
(105, 1, 5, '2023-09-27', '07:00:00', '10:35:00', 4, 0, NULL, NULL, NULL),
(106, 2, 5, '2023-09-27', '07:00:00', '10:35:00', 4, 0, NULL, NULL, NULL),
(107, 3, 5, '2023-09-27', '07:00:00', '10:35:00', 4, 0, NULL, NULL, NULL),
(108, 4, 5, '2023-09-27', '07:00:00', '10:35:00', 4, 0, NULL, NULL, NULL),
(109, 5, 5, '2023-09-27', '07:00:00', '10:35:00', 4, 0, '', NULL, NULL),
(110, 6, 5, '2023-09-27', '07:00:00', '10:35:00', 4, 0, NULL, NULL, NULL),
(111, 7, 5, '2023-09-27', '07:00:00', '10:35:00', 4, 0, NULL, NULL, NULL),
(112, 8, 5, '2023-09-27', '07:00:00', '10:35:00', 0, 6, 'S', NULL, NULL),
(113, 9, 5, '2023-09-27', '07:00:00', '10:35:00', 4, 0, NULL, NULL, NULL),
(114, 10, 5, '2023-09-27', '07:00:00', '10:35:00', 4, 0, NULL, NULL, NULL),
(115, 11, 5, '2023-09-27', '07:00:00', '10:35:00', 4, 0, NULL, NULL, NULL),
(116, 12, 5, '2023-09-27', '07:00:00', '10:35:00', 4, 0, NULL, NULL, NULL),
(117, 13, 5, '2023-09-27', '07:00:00', '10:35:00', 4, 0, NULL, NULL, NULL),
(118, 14, 5, '2023-09-27', '07:00:00', '10:35:00', 4, 0, NULL, NULL, NULL),
(119, 15, 5, '2023-09-27', '07:00:00', '10:35:00', 4, 0, NULL, NULL, NULL),
(120, 16, 5, '2023-09-27', '07:00:00', '10:35:00', 4, 0, NULL, NULL, NULL),
(121, 17, 5, '2023-09-27', '07:00:00', '10:35:00', 4, 0, NULL, NULL, NULL),
(122, 18, 5, '2023-09-27', '07:00:00', '10:35:00', 4, 0, NULL, NULL, NULL),
(123, 19, 5, '2023-09-27', '07:00:00', '10:35:00', 4, 0, NULL, NULL, NULL),
(124, 20, 5, '2023-09-27', '07:00:00', '10:35:00', 4, 0, NULL, NULL, NULL),
(125, 21, 5, '2023-09-27', '07:00:00', '10:35:00', 0, 6, 'S', NULL, NULL),
(126, 22, 5, '2023-09-27', '07:00:00', '10:35:00', 4, 0, NULL, NULL, NULL),
(127, 23, 5, '2023-09-27', '07:00:00', '10:35:00', 4, 0, NULL, NULL, NULL),
(128, 24, 5, '2023-09-27', '07:00:00', '10:35:00', 4, 0, NULL, NULL, NULL),
(129, 25, 5, '2023-09-27', '07:00:00', '10:35:00', 0, 6, 'S', NULL, NULL),
(130, 26, 5, '2023-09-27', '07:00:00', '10:35:00', 4, 0, NULL, NULL, NULL),
(131, 1, 6, '2023-09-27', '10:35:00', '18:00:00', 7, 0, NULL, NULL, NULL),
(132, 2, 6, '2023-09-27', '10:35:00', '18:00:00', 7, 0, NULL, NULL, NULL),
(133, 3, 6, '2023-09-27', '10:35:00', '18:00:00', 7, 0, NULL, NULL, NULL),
(134, 4, 6, '2023-09-27', '10:35:00', '18:00:00', 7, 0, NULL, NULL, NULL),
(135, 5, 6, '2023-09-27', '10:35:00', '18:00:00', 7, 0, '', NULL, NULL),
(136, 6, 6, '2023-09-27', '10:35:00', '18:00:00', 7, 0, NULL, NULL, NULL),
(137, 7, 6, '2023-09-27', '10:35:00', '18:00:00', 7, 0, NULL, NULL, NULL),
(138, 8, 6, '2023-09-27', '10:35:00', '18:00:00', 0, 7, 'S', NULL, NULL),
(139, 9, 6, '2023-09-27', '10:35:00', '18:00:00', 7, 0, NULL, NULL, NULL),
(140, 10, 6, '2023-09-27', '10:35:00', '18:00:00', 7, 0, NULL, NULL, NULL),
(141, 11, 6, '2023-09-27', '10:35:00', '18:00:00', 7, 0, NULL, NULL, NULL),
(142, 12, 6, '2023-09-27', '10:35:00', '18:00:00', 7, 0, NULL, NULL, NULL),
(143, 13, 6, '2023-09-27', '10:35:00', '18:00:00', 7, 0, NULL, NULL, NULL),
(144, 14, 6, '2023-09-27', '10:35:00', '18:00:00', 7, 0, NULL, NULL, NULL),
(145, 15, 6, '2023-09-27', '10:35:00', '18:00:00', 7, 0, NULL, NULL, NULL),
(146, 16, 6, '2023-09-27', '10:35:00', '18:00:00', 7, 0, NULL, NULL, NULL),
(147, 17, 6, '2023-09-27', '10:35:00', '18:00:00', 7, 0, NULL, NULL, NULL),
(148, 18, 6, '2023-09-27', '10:35:00', '18:00:00', 7, 0, NULL, NULL, NULL),
(149, 19, 6, '2023-09-27', '10:35:00', '18:00:00', 7, 0, NULL, NULL, NULL),
(150, 20, 6, '2023-09-27', '10:35:00', '18:00:00', 7, 0, NULL, NULL, NULL),
(151, 21, 6, '2023-09-27', '10:35:00', '18:00:00', 0, 7, 'S', NULL, NULL),
(152, 22, 6, '2023-09-27', '10:35:00', '18:00:00', 7, 0, NULL, NULL, NULL),
(153, 23, 6, '2023-09-27', '10:35:00', '18:00:00', 7, 0, NULL, NULL, NULL),
(154, 24, 6, '2023-09-27', '10:35:00', '18:00:00', 7, 0, NULL, NULL, NULL),
(155, 25, 6, '2023-09-27', '10:35:00', '18:00:00', 0, 7, 'S', NULL, NULL),
(156, 26, 6, '2023-09-27', '10:35:00', '18:00:00', 7, 0, NULL, NULL, NULL),
(157, 1, 7, '2023-09-28', '07:00:00', '14:40:00', 8, 0, NULL, NULL, NULL),
(158, 2, 7, '2023-09-28', '07:00:00', '14:40:00', 8, 0, NULL, NULL, NULL),
(159, 3, 7, '2023-09-28', '07:00:00', '14:40:00', 8, 0, NULL, NULL, NULL),
(160, 4, 7, '2023-09-28', '07:00:00', '14:40:00', 8, 0, NULL, NULL, NULL),
(161, 5, 7, '2023-09-28', '07:00:00', '14:40:00', 8, 0, '', NULL, NULL),
(162, 6, 7, '2023-09-28', '07:00:00', '14:40:00', 8, 0, NULL, NULL, NULL),
(163, 7, 7, '2023-09-28', '07:00:00', '14:40:00', 8, 0, NULL, NULL, NULL),
(164, 8, 7, '2023-09-28', '07:00:00', '14:40:00', 0, 8, 'S', NULL, NULL),
(165, 9, 7, '2023-09-28', '07:00:00', '14:40:00', 8, 0, NULL, NULL, NULL),
(166, 10, 7, '2023-09-28', '07:00:00', '14:40:00', 8, 0, NULL, NULL, NULL),
(167, 11, 7, '2023-09-28', '07:00:00', '14:40:00', 8, 0, NULL, NULL, NULL),
(168, 12, 7, '2023-09-28', '07:00:00', '14:40:00', 8, 0, NULL, NULL, NULL),
(169, 13, 7, '2023-09-28', '07:00:00', '14:40:00', 8, 0, NULL, NULL, NULL),
(170, 14, 7, '2023-09-28', '07:00:00', '14:40:00', 8, 0, NULL, NULL, NULL),
(171, 15, 7, '2023-09-28', '07:00:00', '14:40:00', 8, 0, NULL, NULL, NULL),
(172, 16, 7, '2023-09-28', '07:00:00', '14:40:00', 8, 0, NULL, NULL, NULL),
(173, 17, 7, '2023-09-28', '07:00:00', '14:40:00', 8, 0, NULL, NULL, NULL),
(174, 18, 7, '2023-09-28', '07:00:00', '14:40:00', 8, 0, NULL, NULL, NULL),
(175, 19, 7, '2023-09-28', '07:00:00', '14:40:00', 8, 0, NULL, NULL, NULL),
(176, 20, 7, '2023-09-28', '07:00:00', '14:40:00', 8, 0, NULL, NULL, NULL),
(177, 21, 7, '2023-09-28', '07:00:00', '14:40:00', 0, 8, 'S', NULL, NULL),
(178, 22, 7, '2023-09-28', '07:00:00', '14:40:00', 8, 0, NULL, NULL, NULL),
(179, 23, 7, '2023-09-28', '07:00:00', '14:40:00', 8, 0, NULL, NULL, NULL),
(180, 24, 7, '2023-09-28', '07:00:00', '14:40:00', 8, 0, NULL, NULL, NULL),
(181, 25, 7, '2023-09-28', '07:00:00', '14:40:00', 0, 8, 'S', NULL, NULL),
(182, 26, 7, '2023-09-28', '07:00:00', '14:40:00', 8, 0, NULL, NULL, NULL),
(183, 1, 8, '2023-09-29', '07:00:00', '10:35:00', 4, 0, NULL, NULL, NULL),
(184, 2, 8, '2023-09-29', '07:00:00', '10:35:00', 4, 0, NULL, NULL, NULL),
(185, 3, 8, '2023-09-29', '07:00:00', '10:35:00', 4, 0, NULL, NULL, NULL),
(186, 4, 8, '2023-09-29', '07:00:00', '10:35:00', 4, 0, NULL, NULL, NULL),
(187, 5, 8, '2023-09-29', '07:00:00', '10:35:00', 4, 0, '', NULL, NULL),
(188, 6, 8, '2023-09-29', '07:00:00', '10:35:00', 4, 0, NULL, NULL, NULL),
(189, 7, 8, '2023-09-29', '07:00:00', '10:35:00', 4, 0, NULL, NULL, NULL),
(190, 8, 8, '2023-09-29', '07:00:00', '10:35:00', 0, 6, 'S', NULL, NULL),
(191, 9, 8, '2023-09-29', '07:00:00', '10:35:00', 4, 0, NULL, NULL, NULL),
(192, 10, 8, '2023-09-29', '07:00:00', '10:35:00', 4, 0, NULL, NULL, NULL),
(193, 11, 8, '2023-09-29', '07:00:00', '10:35:00', 4, 0, NULL, NULL, NULL),
(194, 12, 8, '2023-09-29', '07:00:00', '10:35:00', 4, 0, NULL, NULL, NULL),
(195, 13, 8, '2023-09-29', '07:00:00', '10:35:00', 4, 0, NULL, NULL, NULL),
(196, 14, 8, '2023-09-29', '07:00:00', '10:35:00', 4, 0, NULL, NULL, NULL),
(197, 15, 8, '2023-09-29', '07:00:00', '10:35:00', 4, 0, NULL, NULL, NULL),
(198, 16, 8, '2023-09-29', '07:00:00', '10:35:00', 4, 0, NULL, NULL, NULL),
(199, 17, 8, '2023-09-29', '07:00:00', '10:35:00', 4, 0, NULL, NULL, NULL),
(200, 18, 8, '2023-09-29', '07:00:00', '10:35:00', 4, 0, NULL, NULL, NULL),
(201, 19, 8, '2023-09-29', '07:00:00', '10:35:00', 4, 0, NULL, NULL, NULL),
(202, 20, 8, '2023-09-29', '07:00:00', '10:35:00', 4, 0, NULL, NULL, NULL),
(203, 21, 8, '2023-09-29', '07:00:00', '10:35:00', 0, 6, 'S', NULL, NULL),
(204, 22, 8, '2023-09-29', '07:00:00', '10:35:00', 4, 0, NULL, NULL, NULL),
(205, 23, 8, '2023-09-29', '07:00:00', '10:35:00', 4, 0, NULL, NULL, NULL),
(206, 24, 8, '2023-09-29', '07:00:00', '10:35:00', 4, 0, NULL, NULL, NULL),
(207, 25, 8, '2023-09-29', '07:00:00', '10:35:00', 0, 6, 'S', NULL, NULL),
(208, 26, 8, '2023-09-29', '07:00:00', '10:35:00', 4, 0, NULL, NULL, NULL),
(209, 1, 9, '2023-09-29', '10:35:00', '16:20:00', 4, 0, NULL, NULL, NULL),
(210, 2, 9, '2023-09-29', '10:35:00', '16:20:00', 4, 0, NULL, NULL, NULL),
(211, 3, 9, '2023-09-29', '10:35:00', '16:20:00', 4, 0, NULL, NULL, NULL),
(212, 4, 9, '2023-09-29', '10:35:00', '16:20:00', 4, 0, NULL, NULL, NULL),
(213, 5, 9, '2023-09-29', '10:35:00', '16:20:00', 4, 0, '', NULL, NULL),
(214, 6, 9, '2023-09-29', '10:35:00', '16:20:00', 4, 0, NULL, NULL, NULL),
(215, 7, 9, '2023-09-29', '10:35:00', '16:20:00', 4, 0, NULL, NULL, NULL),
(216, 8, 9, '2023-09-29', '10:35:00', '16:20:00', 0, 4, 'S', NULL, NULL),
(217, 9, 9, '2023-09-29', '10:35:00', '16:20:00', 4, 0, NULL, NULL, NULL),
(218, 10, 9, '2023-09-29', '10:35:00', '16:20:00', 4, 0, NULL, NULL, NULL),
(219, 11, 9, '2023-09-29', '10:35:00', '16:20:00', 4, 0, NULL, NULL, NULL),
(220, 12, 9, '2023-09-29', '10:35:00', '16:20:00', 4, 0, NULL, NULL, NULL),
(221, 13, 9, '2023-09-29', '10:35:00', '16:20:00', 4, 0, NULL, NULL, NULL),
(222, 14, 9, '2023-09-29', '10:35:00', '16:20:00', 4, 0, NULL, NULL, NULL),
(223, 15, 9, '2023-09-29', '10:35:00', '16:20:00', 4, 0, NULL, NULL, NULL),
(224, 16, 9, '2023-09-29', '10:35:00', '16:20:00', 4, 0, NULL, NULL, NULL),
(225, 17, 9, '2023-09-29', '10:35:00', '16:20:00', 4, 0, NULL, NULL, NULL),
(226, 18, 9, '2023-09-29', '10:35:00', '16:20:00', 4, 0, NULL, NULL, NULL),
(227, 19, 9, '2023-09-29', '10:35:00', '16:20:00', 4, 0, NULL, NULL, NULL),
(228, 20, 9, '2023-09-29', '10:35:00', '16:20:00', 4, 0, NULL, NULL, NULL),
(229, 21, 9, '2023-09-29', '10:35:00', '16:20:00', 0, 4, 'S', NULL, NULL),
(230, 22, 9, '2023-09-29', '10:35:00', '16:20:00', 4, 0, NULL, NULL, NULL),
(231, 23, 9, '2023-09-29', '10:35:00', '16:20:00', 4, 0, NULL, NULL, NULL),
(232, 24, 9, '2023-09-29', '10:35:00', '16:20:00', 4, 0, NULL, NULL, NULL),
(233, 25, 9, '2023-09-29', '10:35:00', '16:20:00', 0, 4, 'S', NULL, NULL),
(234, 26, 9, '2023-09-29', '10:35:00', '16:20:00', 4, 0, NULL, NULL, NULL),
(235, 1, 10, '2023-09-29', '16:20:00', '18:00:00', 2, 0, NULL, NULL, NULL),
(236, 2, 10, '2023-09-29', '16:20:00', '18:00:00', 2, 0, NULL, NULL, NULL),
(237, 3, 10, '2023-09-29', '16:20:00', '18:00:00', 2, 0, NULL, NULL, NULL),
(238, 4, 10, '2023-09-29', '16:20:00', '18:00:00', 2, 0, NULL, NULL, NULL),
(239, 5, 10, '2023-09-29', '16:20:00', '18:00:00', 2, 0, '', NULL, NULL),
(240, 6, 10, '2023-09-29', '16:20:00', '18:00:00', 2, 0, NULL, NULL, NULL),
(241, 7, 10, '2023-09-29', '16:20:00', '18:00:00', 2, 0, NULL, NULL, NULL),
(242, 8, 10, '2023-09-29', '16:20:00', '18:00:00', 0, 2, 'S', NULL, NULL),
(243, 9, 10, '2023-09-29', '16:20:00', '18:00:00', 2, 0, NULL, NULL, NULL),
(244, 10, 10, '2023-09-29', '16:20:00', '18:00:00', 2, 0, NULL, NULL, NULL),
(245, 11, 10, '2023-09-29', '16:20:00', '18:00:00', 2, 0, NULL, NULL, NULL),
(246, 12, 10, '2023-09-29', '16:20:00', '18:00:00', 2, 0, NULL, NULL, NULL),
(247, 13, 10, '2023-09-29', '16:20:00', '18:00:00', 2, 0, NULL, NULL, NULL),
(248, 14, 10, '2023-09-29', '16:20:00', '18:00:00', 2, 0, NULL, NULL, NULL),
(249, 15, 10, '2023-09-29', '16:20:00', '18:00:00', 2, 0, NULL, NULL, NULL),
(250, 16, 10, '2023-09-29', '16:20:00', '18:00:00', 2, 0, NULL, NULL, NULL),
(251, 17, 10, '2023-09-29', '16:20:00', '18:00:00', 2, 0, NULL, NULL, NULL),
(252, 18, 10, '2023-09-29', '16:20:00', '18:00:00', 2, 0, NULL, NULL, NULL),
(253, 19, 10, '2023-09-29', '16:20:00', '18:00:00', 2, 0, NULL, NULL, NULL),
(254, 20, 10, '2023-09-29', '16:20:00', '18:00:00', 2, 0, NULL, NULL, NULL),
(255, 21, 10, '2023-09-29', '16:20:00', '18:00:00', 0, 2, 'S', NULL, NULL),
(256, 22, 10, '2023-09-29', '16:20:00', '18:00:00', 2, 0, NULL, NULL, NULL),
(257, 23, 10, '2023-09-29', '16:20:00', '18:00:00', 2, 0, NULL, NULL, NULL),
(258, 24, 10, '2023-09-29', '16:20:00', '18:00:00', 2, 0, NULL, NULL, NULL),
(259, 25, 10, '2023-09-29', '16:20:00', '18:00:00', 0, 2, 'S', NULL, NULL),
(260, 26, 10, '2023-09-29', '16:20:00', '18:00:00', 2, 0, NULL, NULL, NULL),
(261, 1, 1, '2023-10-02', '07:00:00', '12:15:00', 6, 0, NULL, NULL, NULL),
(262, 2, 1, '2023-10-02', '07:00:00', '12:15:00', 6, 0, NULL, NULL, NULL),
(263, 3, 1, '2023-10-02', '07:00:00', '12:15:00', 6, 0, NULL, NULL, NULL),
(264, 4, 1, '2023-10-02', '07:00:00', '12:15:00', 6, 0, NULL, NULL, NULL),
(265, 5, 1, '2023-10-02', '07:00:00', '12:15:00', 6, 0, '', NULL, NULL),
(266, 6, 1, '2023-10-02', '07:00:00', '12:15:00', 6, 0, NULL, NULL, NULL),
(267, 7, 1, '2023-10-02', '07:00:00', '12:15:00', 6, 0, NULL, NULL, NULL),
(268, 8, 1, '2023-10-02', '07:00:00', '12:15:00', 0, 6, 'S', NULL, NULL),
(269, 9, 1, '2023-10-02', '07:00:00', '12:15:00', 6, 0, NULL, NULL, NULL),
(270, 10, 1, '2023-10-02', '07:00:00', '12:15:00', 6, 0, NULL, NULL, NULL),
(271, 11, 1, '2023-10-02', '07:00:00', '12:15:00', 6, 0, NULL, NULL, NULL),
(272, 12, 1, '2023-10-02', '07:00:00', '12:15:00', 6, 0, NULL, NULL, NULL),
(273, 13, 1, '2023-10-02', '07:00:00', '12:15:00', 6, 0, NULL, NULL, NULL),
(274, 14, 1, '2023-10-02', '07:00:00', '12:15:00', 6, 0, NULL, NULL, NULL),
(275, 15, 1, '2023-10-02', '07:00:00', '12:15:00', 6, 0, NULL, NULL, NULL),
(276, 16, 1, '2023-10-02', '07:00:00', '12:15:00', 6, 0, NULL, NULL, NULL),
(277, 17, 1, '2023-10-02', '07:00:00', '12:15:00', 6, 0, NULL, NULL, NULL),
(278, 18, 1, '2023-10-02', '07:00:00', '12:15:00', 6, 0, NULL, NULL, NULL),
(279, 19, 1, '2023-10-02', '07:00:00', '12:15:00', 6, 0, NULL, NULL, NULL),
(280, 20, 1, '2023-10-02', '07:00:00', '12:15:00', 6, 0, NULL, NULL, NULL),
(281, 21, 1, '2023-10-02', '07:00:00', '12:15:00', 0, 6, 'S', NULL, NULL),
(282, 22, 1, '2023-10-02', '07:00:00', '12:15:00', 6, 0, NULL, NULL, NULL),
(283, 23, 1, '2023-10-02', '07:00:00', '12:15:00', 6, 0, NULL, NULL, NULL),
(284, 24, 1, '2023-10-02', '07:00:00', '12:15:00', 6, 0, NULL, NULL, NULL),
(285, 25, 1, '2023-10-02', '07:00:00', '12:15:00', 0, 6, 'S', NULL, NULL),
(286, 26, 1, '2023-10-02', '07:00:00', '12:15:00', 6, 0, NULL, NULL, NULL),
(287, 1, 2, '2023-10-02', '13:00:00', '18:00:00', 5, 0, NULL, NULL, NULL),
(288, 2, 2, '2023-10-02', '13:00:00', '18:00:00', 5, 0, NULL, NULL, NULL),
(289, 3, 2, '2023-10-02', '13:00:00', '18:00:00', 5, 0, NULL, NULL, NULL),
(290, 4, 2, '2023-10-02', '13:00:00', '18:00:00', 5, 0, NULL, NULL, NULL),
(291, 5, 2, '2023-10-02', '13:00:00', '18:00:00', 5, 0, '', NULL, NULL),
(292, 6, 2, '2023-10-02', '13:00:00', '18:00:00', 5, 0, NULL, NULL, NULL),
(293, 7, 2, '2023-10-02', '13:00:00', '18:00:00', 5, 0, NULL, NULL, NULL),
(294, 8, 2, '2023-10-02', '13:00:00', '18:00:00', 0, 5, 'S', NULL, NULL),
(295, 9, 2, '2023-10-02', '13:00:00', '18:00:00', 5, 0, NULL, NULL, NULL),
(296, 10, 2, '2023-10-02', '13:00:00', '18:00:00', 5, 0, NULL, NULL, NULL),
(297, 11, 2, '2023-10-02', '13:00:00', '18:00:00', 5, 0, NULL, NULL, NULL),
(298, 12, 2, '2023-10-02', '13:00:00', '18:00:00', 5, 0, NULL, NULL, NULL),
(299, 13, 2, '2023-10-02', '13:00:00', '18:00:00', 5, 0, NULL, NULL, NULL),
(300, 14, 2, '2023-10-02', '13:00:00', '18:00:00', 5, 0, NULL, NULL, NULL),
(301, 15, 2, '2023-10-02', '13:00:00', '18:00:00', 5, 0, NULL, NULL, NULL),
(302, 16, 2, '2023-10-02', '13:00:00', '18:00:00', 5, 0, NULL, NULL, NULL),
(303, 17, 2, '2023-10-02', '13:00:00', '18:00:00', 5, 0, NULL, NULL, NULL),
(304, 18, 2, '2023-10-02', '13:00:00', '18:00:00', 5, 0, NULL, NULL, NULL),
(305, 19, 2, '2023-10-02', '13:00:00', '18:00:00', 5, 0, NULL, NULL, NULL),
(306, 20, 2, '2023-10-02', '13:00:00', '18:00:00', 5, 0, NULL, NULL, NULL),
(307, 21, 2, '2023-10-02', '13:00:00', '18:00:00', 0, 5, 'S', NULL, NULL),
(308, 22, 2, '2023-10-02', '13:00:00', '18:00:00', 5, 0, NULL, NULL, NULL),
(309, 23, 2, '2023-10-02', '13:00:00', '18:00:00', 5, 0, NULL, NULL, NULL),
(310, 24, 2, '2023-10-02', '13:00:00', '18:00:00', 5, 0, NULL, NULL, NULL),
(311, 25, 2, '2023-10-02', '13:00:00', '18:00:00', 0, 5, 'S', NULL, NULL),
(312, 26, 2, '2023-10-02', '13:00:00', '18:00:00', 5, 0, NULL, NULL, NULL),
(313, 1, 3, '2023-10-03', '07:00:00', '10:35:00', 4, 0, NULL, NULL, NULL),
(314, 2, 3, '2023-10-03', '07:00:00', '10:35:00', 4, 0, NULL, NULL, NULL),
(315, 3, 3, '2023-10-03', '07:00:00', '10:35:00', 4, 0, NULL, NULL, NULL),
(316, 4, 3, '2023-10-03', '07:00:00', '10:35:00', 4, 0, NULL, NULL, NULL),
(317, 5, 3, '2023-10-03', '07:00:00', '10:35:00', 4, 0, '', NULL, NULL),
(318, 6, 3, '2023-10-03', '07:00:00', '10:35:00', 4, 0, NULL, NULL, NULL),
(319, 7, 3, '2023-10-03', '07:00:00', '10:35:00', 4, 0, NULL, NULL, NULL),
(320, 8, 3, '2023-10-03', '07:00:00', '10:35:00', 0, 6, 'S', NULL, NULL),
(321, 9, 3, '2023-10-03', '07:00:00', '10:35:00', 4, 0, NULL, NULL, NULL),
(322, 10, 3, '2023-10-03', '07:00:00', '10:35:00', 4, 0, NULL, NULL, NULL),
(323, 11, 3, '2023-10-03', '07:00:00', '10:35:00', 4, 0, NULL, NULL, NULL),
(324, 12, 3, '2023-10-03', '07:00:00', '10:35:00', 4, 0, NULL, NULL, NULL),
(325, 13, 3, '2023-10-03', '07:00:00', '10:35:00', 4, 0, NULL, NULL, NULL),
(326, 14, 3, '2023-10-03', '07:00:00', '10:35:00', 4, 0, NULL, NULL, NULL),
(327, 15, 3, '2023-10-03', '07:00:00', '10:35:00', 4, 0, NULL, NULL, NULL),
(328, 16, 3, '2023-10-03', '07:00:00', '10:35:00', 4, 0, NULL, NULL, NULL),
(329, 17, 3, '2023-10-03', '07:00:00', '10:35:00', 4, 0, NULL, NULL, NULL),
(330, 18, 3, '2023-10-03', '07:00:00', '10:35:00', 4, 0, NULL, NULL, NULL),
(331, 19, 3, '2023-10-03', '07:00:00', '10:35:00', 4, 0, NULL, NULL, NULL),
(332, 20, 3, '2023-10-03', '07:00:00', '10:35:00', 4, 0, NULL, NULL, NULL),
(333, 21, 3, '2023-10-03', '07:00:00', '10:35:00', 0, 6, 'S', NULL, NULL),
(334, 22, 3, '2023-10-03', '07:00:00', '10:35:00', 4, 0, NULL, NULL, NULL),
(335, 23, 3, '2023-10-03', '07:00:00', '10:35:00', 4, 0, NULL, NULL, NULL),
(336, 24, 3, '2023-10-03', '07:00:00', '10:35:00', 4, 0, NULL, NULL, NULL),
(337, 25, 3, '2023-10-03', '07:00:00', '10:35:00', 0, 6, 'S', NULL, NULL),
(338, 26, 3, '2023-10-03', '07:00:00', '10:35:00', 4, 0, NULL, NULL, NULL),
(339, 1, 4, '2023-10-03', '10:35:00', '18:00:00', 7, 0, NULL, NULL, NULL),
(340, 2, 4, '2023-10-03', '10:35:00', '18:00:00', 7, 0, NULL, NULL, NULL),
(341, 3, 4, '2023-10-03', '10:35:00', '18:00:00', 7, 0, NULL, NULL, NULL),
(342, 4, 4, '2023-10-03', '10:35:00', '18:00:00', 7, 0, NULL, NULL, NULL),
(343, 5, 4, '2023-10-03', '10:35:00', '18:00:00', 7, 0, '', NULL, NULL),
(344, 6, 4, '2023-10-03', '10:35:00', '18:00:00', 7, 0, NULL, NULL, NULL),
(345, 7, 4, '2023-10-03', '10:35:00', '18:00:00', 7, 0, NULL, NULL, NULL),
(346, 8, 4, '2023-10-03', '10:35:00', '18:00:00', 0, 7, 'S', NULL, NULL),
(347, 9, 4, '2023-10-03', '10:35:00', '18:00:00', 7, 0, NULL, NULL, NULL),
(348, 10, 4, '2023-10-03', '10:35:00', '18:00:00', 7, 0, NULL, NULL, NULL),
(349, 11, 4, '2023-10-03', '10:35:00', '18:00:00', 7, 0, NULL, NULL, NULL),
(350, 12, 4, '2023-10-03', '10:35:00', '18:00:00', 7, 0, NULL, NULL, NULL),
(351, 13, 4, '2023-10-03', '10:35:00', '18:00:00', 7, 0, NULL, NULL, NULL),
(352, 14, 4, '2023-10-03', '10:35:00', '18:00:00', 7, 0, NULL, NULL, NULL),
(353, 15, 4, '2023-10-03', '10:35:00', '18:00:00', 7, 0, NULL, NULL, NULL),
(354, 16, 4, '2023-10-03', '10:35:00', '18:00:00', 7, 0, NULL, NULL, NULL),
(355, 17, 4, '2023-10-03', '10:35:00', '18:00:00', 7, 0, NULL, NULL, NULL),
(356, 18, 4, '2023-10-03', '10:35:00', '18:00:00', 7, 0, NULL, NULL, NULL),
(357, 19, 4, '2023-10-03', '10:35:00', '18:00:00', 7, 0, NULL, NULL, NULL),
(358, 20, 4, '2023-10-03', '10:35:00', '18:00:00', 7, 0, NULL, NULL, NULL),
(359, 21, 4, '2023-10-03', '10:35:00', '18:00:00', 0, 7, 'S', NULL, NULL),
(360, 22, 4, '2023-10-03', '10:35:00', '18:00:00', 7, 0, NULL, NULL, NULL),
(361, 23, 4, '2023-10-03', '10:35:00', '18:00:00', 7, 0, NULL, NULL, NULL),
(362, 24, 4, '2023-10-03', '10:35:00', '18:00:00', 7, 0, NULL, NULL, NULL),
(363, 25, 4, '2023-10-03', '10:35:00', '18:00:00', 0, 7, 'S', NULL, NULL),
(364, 26, 4, '2023-10-03', '10:35:00', '18:00:00', 7, 0, NULL, NULL, NULL),
(365, 1, 5, '2023-10-04', '07:00:00', '10:35:00', 4, 0, NULL, NULL, NULL),
(366, 2, 5, '2023-10-04', '07:00:00', '10:35:00', 4, 0, NULL, NULL, NULL),
(367, 3, 5, '2023-10-04', '07:00:00', '10:35:00', 4, 0, NULL, NULL, NULL),
(368, 4, 5, '2023-10-04', '07:00:00', '10:35:00', 4, 0, NULL, NULL, NULL),
(369, 5, 5, '2023-10-04', '07:00:00', '10:35:00', 4, 0, '', NULL, NULL),
(370, 6, 5, '2023-10-04', '07:00:00', '10:35:00', 4, 0, NULL, NULL, NULL),
(371, 7, 5, '2023-10-04', '07:00:00', '10:35:00', 4, 0, NULL, NULL, NULL),
(372, 8, 5, '2023-10-04', '07:00:00', '10:35:00', 0, 6, 'S', NULL, NULL),
(373, 9, 5, '2023-10-04', '07:00:00', '10:35:00', 4, 0, NULL, NULL, NULL),
(374, 10, 5, '2023-10-04', '07:00:00', '10:35:00', 4, 0, NULL, NULL, NULL),
(375, 11, 5, '2023-10-04', '07:00:00', '10:35:00', 4, 0, NULL, NULL, NULL),
(376, 12, 5, '2023-10-04', '07:00:00', '10:35:00', 4, 0, NULL, NULL, NULL),
(377, 13, 5, '2023-10-04', '07:00:00', '10:35:00', 4, 0, NULL, NULL, NULL),
(378, 14, 5, '2023-10-04', '07:00:00', '10:35:00', 4, 0, NULL, NULL, NULL),
(379, 15, 5, '2023-10-04', '07:00:00', '10:35:00', 4, 0, NULL, NULL, NULL),
(380, 16, 5, '2023-10-04', '07:00:00', '10:35:00', 4, 0, NULL, NULL, NULL),
(381, 17, 5, '2023-10-04', '07:00:00', '10:35:00', 4, 0, NULL, NULL, NULL),
(382, 18, 5, '2023-10-04', '07:00:00', '10:35:00', 4, 0, NULL, NULL, NULL),
(383, 19, 5, '2023-10-04', '07:00:00', '10:35:00', 4, 0, NULL, NULL, NULL),
(384, 20, 5, '2023-10-04', '07:00:00', '10:35:00', 4, 0, NULL, NULL, NULL),
(385, 21, 5, '2023-10-04', '07:00:00', '10:35:00', 0, 6, 'S', NULL, NULL),
(386, 22, 5, '2023-10-04', '07:00:00', '10:35:00', 4, 0, NULL, NULL, NULL),
(387, 23, 5, '2023-10-04', '07:00:00', '10:35:00', 4, 0, NULL, NULL, NULL),
(388, 24, 5, '2023-10-04', '07:00:00', '10:35:00', 4, 0, NULL, NULL, NULL),
(389, 25, 5, '2023-10-04', '07:00:00', '10:35:00', 0, 6, 'S', NULL, NULL),
(390, 26, 5, '2023-10-04', '07:00:00', '10:35:00', 4, 0, NULL, NULL, NULL),
(391, 1, 6, '2023-10-04', '10:35:00', '18:00:00', 7, 0, NULL, NULL, NULL),
(392, 2, 6, '2023-10-04', '10:35:00', '18:00:00', 7, 0, NULL, NULL, NULL),
(393, 3, 6, '2023-10-04', '10:35:00', '18:00:00', 7, 0, NULL, NULL, NULL),
(394, 4, 6, '2023-10-04', '10:35:00', '18:00:00', 7, 0, NULL, NULL, NULL),
(395, 5, 6, '2023-10-04', '10:35:00', '18:00:00', 7, 0, '', NULL, NULL),
(396, 6, 6, '2023-10-04', '10:35:00', '18:00:00', 7, 0, NULL, NULL, NULL),
(397, 7, 6, '2023-10-04', '10:35:00', '18:00:00', 7, 0, NULL, NULL, NULL),
(398, 8, 6, '2023-10-04', '10:35:00', '18:00:00', 0, 7, 'S', NULL, NULL),
(399, 9, 6, '2023-10-04', '10:35:00', '18:00:00', 7, 0, NULL, NULL, NULL),
(400, 10, 6, '2023-10-04', '10:35:00', '18:00:00', 7, 0, NULL, NULL, NULL),
(401, 11, 6, '2023-10-04', '10:35:00', '18:00:00', 7, 0, NULL, NULL, NULL),
(402, 12, 6, '2023-10-04', '10:35:00', '18:00:00', 7, 0, NULL, NULL, NULL),
(403, 13, 6, '2023-10-04', '10:35:00', '18:00:00', 7, 0, NULL, NULL, NULL),
(404, 14, 6, '2023-10-04', '10:35:00', '18:00:00', 7, 0, NULL, NULL, NULL),
(405, 15, 6, '2023-10-04', '10:35:00', '18:00:00', 7, 0, NULL, NULL, NULL),
(406, 16, 6, '2023-10-04', '10:35:00', '18:00:00', 7, 0, NULL, NULL, NULL),
(407, 17, 6, '2023-10-04', '10:35:00', '18:00:00', 7, 0, NULL, NULL, NULL),
(408, 18, 6, '2023-10-04', '10:35:00', '18:00:00', 7, 0, NULL, NULL, NULL),
(409, 19, 6, '2023-10-04', '10:35:00', '18:00:00', 7, 0, NULL, NULL, NULL),
(410, 20, 6, '2023-10-04', '10:35:00', '18:00:00', 7, 0, NULL, NULL, NULL),
(411, 21, 6, '2023-10-04', '10:35:00', '18:00:00', 0, 7, 'S', NULL, NULL),
(412, 22, 6, '2023-10-04', '10:35:00', '18:00:00', 7, 0, NULL, NULL, NULL),
(413, 23, 6, '2023-10-04', '10:35:00', '18:00:00', 7, 0, NULL, NULL, NULL),
(414, 24, 6, '2023-10-04', '10:35:00', '18:00:00', 7, 0, NULL, NULL, NULL),
(415, 25, 6, '2023-10-04', '10:35:00', '18:00:00', 0, 7, 'S', NULL, NULL),
(416, 26, 6, '2023-10-04', '10:35:00', '18:00:00', 7, 0, NULL, NULL, NULL),
(417, 1, 7, '2023-10-05', '07:00:00', '14:40:00', 8, 0, NULL, NULL, NULL),
(418, 2, 7, '2023-10-05', '07:00:00', '14:40:00', 8, 0, NULL, NULL, NULL),
(419, 3, 7, '2023-10-05', '07:00:00', '14:40:00', 8, 0, NULL, NULL, NULL),
(420, 4, 7, '2023-10-05', '07:00:00', '14:40:00', 8, 0, NULL, NULL, NULL),
(421, 5, 7, '2023-10-05', '07:00:00', '14:40:00', 8, 0, '', NULL, NULL),
(422, 6, 7, '2023-10-05', '07:00:00', '14:40:00', 8, 0, NULL, NULL, NULL),
(423, 7, 7, '2023-10-05', '07:00:00', '14:40:00', 8, 0, NULL, NULL, NULL),
(424, 8, 7, '2023-10-05', '07:00:00', '14:40:00', 0, 8, 'S', NULL, NULL),
(425, 9, 7, '2023-10-05', '07:00:00', '14:40:00', 8, 0, NULL, NULL, NULL),
(426, 10, 7, '2023-10-05', '07:00:00', '14:40:00', 8, 0, NULL, NULL, NULL),
(427, 11, 7, '2023-10-05', '07:00:00', '14:40:00', 8, 0, NULL, NULL, NULL),
(428, 12, 7, '2023-10-05', '07:00:00', '14:40:00', 8, 0, NULL, NULL, NULL),
(429, 13, 7, '2023-10-05', '07:00:00', '14:40:00', 8, 0, NULL, NULL, NULL),
(430, 14, 7, '2023-10-05', '07:00:00', '14:40:00', 8, 0, NULL, NULL, NULL),
(431, 15, 7, '2023-10-05', '07:00:00', '14:40:00', 8, 0, NULL, NULL, NULL),
(432, 16, 7, '2023-10-05', '07:00:00', '14:40:00', 8, 0, NULL, NULL, NULL),
(433, 17, 7, '2023-10-05', '07:00:00', '14:40:00', 8, 0, NULL, NULL, NULL),
(434, 18, 7, '2023-10-05', '07:00:00', '14:40:00', 8, 0, NULL, NULL, NULL),
(435, 19, 7, '2023-10-05', '07:00:00', '14:40:00', 8, 0, NULL, NULL, NULL),
(436, 20, 7, '2023-10-05', '07:00:00', '14:40:00', 8, 0, NULL, NULL, NULL),
(437, 21, 7, '2023-10-05', '07:00:00', '14:40:00', 0, 8, 'S', NULL, NULL),
(438, 22, 7, '2023-10-05', '07:00:00', '14:40:00', 8, 0, NULL, NULL, NULL),
(439, 23, 7, '2023-10-05', '07:00:00', '14:40:00', 8, 0, NULL, NULL, NULL),
(440, 24, 7, '2023-10-05', '07:00:00', '14:40:00', 8, 0, NULL, NULL, NULL),
(441, 25, 7, '2023-10-05', '07:00:00', '14:40:00', 0, 8, 'S', NULL, NULL),
(442, 26, 7, '2023-10-05', '07:00:00', '14:40:00', 8, 0, NULL, NULL, NULL),
(443, 1, 8, '2023-10-06', '07:00:00', '10:35:00', 4, 0, NULL, NULL, NULL),
(444, 2, 8, '2023-10-06', '07:00:00', '10:35:00', 4, 0, NULL, NULL, NULL),
(445, 3, 8, '2023-10-06', '07:00:00', '10:35:00', 4, 0, NULL, NULL, NULL),
(446, 4, 8, '2023-10-06', '07:00:00', '10:35:00', 4, 0, NULL, NULL, NULL),
(447, 5, 8, '2023-10-06', '07:00:00', '10:35:00', 4, 0, '', NULL, NULL),
(448, 6, 8, '2023-10-06', '07:00:00', '10:35:00', 4, 0, NULL, NULL, NULL),
(449, 7, 8, '2023-10-06', '07:00:00', '10:35:00', 4, 0, NULL, NULL, NULL),
(450, 8, 8, '2023-10-06', '07:00:00', '10:35:00', 0, 6, 'S', NULL, NULL),
(451, 9, 8, '2023-10-06', '07:00:00', '10:35:00', 4, 0, NULL, NULL, NULL),
(452, 10, 8, '2023-10-06', '07:00:00', '10:35:00', 4, 0, NULL, NULL, NULL),
(453, 11, 8, '2023-10-06', '07:00:00', '10:35:00', 4, 0, NULL, NULL, NULL),
(454, 12, 8, '2023-10-06', '07:00:00', '10:35:00', 4, 0, NULL, NULL, NULL),
(455, 13, 8, '2023-10-06', '07:00:00', '10:35:00', 4, 0, NULL, NULL, NULL),
(456, 14, 8, '2023-10-06', '07:00:00', '10:35:00', 4, 0, NULL, NULL, NULL),
(457, 15, 8, '2023-10-06', '07:00:00', '10:35:00', 4, 0, NULL, NULL, NULL),
(458, 16, 8, '2023-10-06', '07:00:00', '10:35:00', 4, 0, NULL, NULL, NULL),
(459, 17, 8, '2023-10-06', '07:00:00', '10:35:00', 4, 0, NULL, NULL, NULL),
(460, 18, 8, '2023-10-06', '07:00:00', '10:35:00', 4, 0, NULL, NULL, NULL),
(461, 19, 8, '2023-10-06', '07:00:00', '10:35:00', 4, 0, NULL, NULL, NULL),
(462, 20, 8, '2023-10-06', '07:00:00', '10:35:00', 4, 0, NULL, NULL, NULL),
(463, 21, 8, '2023-10-06', '07:00:00', '10:35:00', 0, 6, 'S', NULL, NULL),
(464, 22, 8, '2023-10-06', '07:00:00', '10:35:00', 4, 0, NULL, NULL, NULL),
(465, 23, 8, '2023-10-06', '07:00:00', '10:35:00', 4, 0, NULL, NULL, NULL),
(466, 24, 8, '2023-10-06', '07:00:00', '10:35:00', 4, 0, NULL, NULL, NULL),
(467, 25, 8, '2023-10-06', '07:00:00', '10:35:00', 0, 6, 'S', NULL, NULL),
(468, 26, 8, '2023-10-06', '07:00:00', '10:35:00', 4, 0, NULL, NULL, NULL),
(469, 1, 9, '2023-10-06', '10:35:00', '16:20:00', 4, 0, NULL, NULL, NULL),
(470, 2, 9, '2023-10-06', '10:35:00', '16:20:00', 4, 0, NULL, NULL, NULL),
(471, 3, 9, '2023-10-06', '10:35:00', '16:20:00', 4, 0, NULL, NULL, NULL),
(472, 4, 9, '2023-10-06', '10:35:00', '16:20:00', 4, 0, NULL, NULL, NULL),
(473, 5, 9, '2023-10-06', '10:35:00', '16:20:00', 4, 0, '', NULL, NULL),
(474, 6, 9, '2023-10-06', '10:35:00', '16:20:00', 4, 0, NULL, NULL, NULL),
(475, 7, 9, '2023-10-06', '10:35:00', '16:20:00', 4, 0, NULL, NULL, NULL),
(476, 8, 9, '2023-10-06', '10:35:00', '16:20:00', 0, 4, 'S', NULL, NULL),
(477, 9, 9, '2023-10-06', '10:35:00', '16:20:00', 4, 0, NULL, NULL, NULL),
(478, 10, 9, '2023-10-06', '10:35:00', '16:20:00', 4, 0, NULL, NULL, NULL),
(479, 11, 9, '2023-10-06', '10:35:00', '16:20:00', 4, 0, NULL, NULL, NULL),
(480, 12, 9, '2023-10-06', '10:35:00', '16:20:00', 4, 0, NULL, NULL, NULL),
(481, 13, 9, '2023-10-06', '10:35:00', '16:20:00', 4, 0, NULL, NULL, NULL),
(482, 14, 9, '2023-10-06', '10:35:00', '16:20:00', 4, 0, NULL, NULL, NULL),
(483, 15, 9, '2023-10-06', '10:35:00', '16:20:00', 4, 0, NULL, NULL, NULL),
(484, 16, 9, '2023-10-06', '10:35:00', '16:20:00', 4, 0, NULL, NULL, NULL),
(485, 17, 9, '2023-10-06', '10:35:00', '16:20:00', 4, 0, NULL, NULL, NULL),
(486, 18, 9, '2023-10-06', '10:35:00', '16:20:00', 4, 0, NULL, NULL, NULL),
(487, 19, 9, '2023-10-06', '10:35:00', '16:20:00', 4, 0, NULL, NULL, NULL),
(488, 20, 9, '2023-10-06', '10:35:00', '16:20:00', 4, 0, NULL, NULL, NULL),
(489, 21, 9, '2023-10-06', '10:35:00', '16:20:00', 0, 4, 'S', NULL, NULL),
(490, 22, 9, '2023-10-06', '10:35:00', '16:20:00', 4, 0, NULL, NULL, NULL),
(491, 23, 9, '2023-10-06', '10:35:00', '16:20:00', 4, 0, NULL, NULL, NULL),
(492, 24, 9, '2023-10-06', '10:35:00', '16:20:00', 4, 0, NULL, NULL, NULL),
(493, 25, 9, '2023-10-06', '10:35:00', '16:20:00', 0, 4, 'S', NULL, NULL),
(494, 26, 9, '2023-10-06', '10:35:00', '16:20:00', 4, 0, NULL, NULL, NULL),
(495, 1, 10, '2023-10-06', '16:20:00', '18:00:00', 2, 0, NULL, NULL, NULL),
(496, 2, 10, '2023-10-06', '16:20:00', '18:00:00', 2, 0, NULL, NULL, NULL),
(497, 3, 10, '2023-10-06', '16:20:00', '18:00:00', 2, 0, NULL, NULL, NULL),
(498, 4, 10, '2023-10-06', '16:20:00', '18:00:00', 2, 0, NULL, NULL, NULL),
(499, 5, 10, '2023-10-06', '16:20:00', '18:00:00', 2, 0, '', NULL, NULL),
(500, 6, 10, '2023-10-06', '16:20:00', '18:00:00', 2, 0, NULL, NULL, NULL),
(501, 7, 10, '2023-10-06', '16:20:00', '18:00:00', 2, 0, NULL, NULL, NULL),
(502, 8, 10, '2023-10-06', '16:20:00', '18:00:00', 0, 2, 'S', NULL, NULL),
(503, 9, 10, '2023-10-06', '16:20:00', '18:00:00', 2, 0, NULL, NULL, NULL),
(504, 10, 10, '2023-10-06', '16:20:00', '18:00:00', 2, 0, NULL, NULL, NULL),
(505, 11, 10, '2023-10-06', '16:20:00', '18:00:00', 2, 0, NULL, NULL, NULL),
(506, 12, 10, '2023-10-06', '16:20:00', '18:00:00', 2, 0, NULL, NULL, NULL),
(507, 13, 10, '2023-10-06', '16:20:00', '18:00:00', 2, 0, NULL, NULL, NULL),
(508, 14, 10, '2023-10-06', '16:20:00', '18:00:00', 2, 0, NULL, NULL, NULL),
(509, 15, 10, '2023-10-06', '16:20:00', '18:00:00', 2, 0, NULL, NULL, NULL),
(510, 16, 10, '2023-10-06', '16:20:00', '18:00:00', 2, 0, NULL, NULL, NULL),
(511, 17, 10, '2023-10-06', '16:20:00', '18:00:00', 2, 0, NULL, NULL, NULL),
(512, 18, 10, '2023-10-06', '16:20:00', '18:00:00', 2, 0, NULL, NULL, NULL),
(513, 19, 10, '2023-10-06', '16:20:00', '18:00:00', 2, 0, NULL, NULL, NULL),
(514, 20, 10, '2023-10-06', '16:20:00', '18:00:00', 2, 0, NULL, NULL, NULL),
(515, 21, 10, '2023-10-06', '16:20:00', '18:00:00', 0, 2, 'S', NULL, NULL),
(516, 22, 10, '2023-10-06', '16:20:00', '18:00:00', 2, 0, NULL, NULL, NULL),
(517, 23, 10, '2023-10-06', '16:20:00', '18:00:00', 2, 0, NULL, NULL, NULL),
(518, 24, 10, '2023-10-06', '16:20:00', '18:00:00', 2, 0, NULL, NULL, NULL),
(519, 25, 10, '2023-10-06', '16:20:00', '18:00:00', 0, 2, 'S', NULL, NULL),
(520, 26, 10, '2023-10-06', '16:20:00', '18:00:00', 2, 0, NULL, NULL, NULL),
(521, 1, 1, '2023-10-09', '07:00:00', '12:15:00', 6, 0, NULL, NULL, NULL),
(522, 2, 1, '2023-10-09', '07:00:00', '12:15:00', 6, 0, NULL, NULL, NULL),
(523, 3, 1, '2023-10-09', '07:00:00', '12:15:00', 6, 0, NULL, NULL, NULL),
(524, 4, 1, '2023-10-09', '07:00:00', '12:15:00', 6, 0, NULL, NULL, NULL),
(525, 5, 1, '2023-10-09', '07:00:00', '12:15:00', 6, 0, '', NULL, NULL),
(526, 6, 1, '2023-10-09', '07:00:00', '12:15:00', 6, 0, NULL, NULL, NULL),
(527, 7, 1, '2023-10-09', '07:00:00', '12:15:00', 6, 0, NULL, NULL, NULL),
(528, 8, 1, '2023-10-09', '07:00:00', '12:15:00', 0, 6, 'S', NULL, NULL),
(529, 9, 1, '2023-10-09', '07:00:00', '12:15:00', 6, 0, NULL, NULL, NULL),
(530, 10, 1, '2023-10-09', '07:00:00', '12:15:00', 6, 0, NULL, NULL, NULL),
(531, 11, 1, '2023-10-09', '07:00:00', '12:15:00', 6, 0, NULL, NULL, NULL),
(532, 12, 1, '2023-10-09', '07:00:00', '12:15:00', 6, 0, NULL, NULL, NULL),
(533, 13, 1, '2023-10-09', '07:00:00', '12:15:00', 6, 0, NULL, NULL, NULL),
(534, 14, 1, '2023-10-09', '07:00:00', '12:15:00', 6, 0, NULL, NULL, NULL),
(535, 15, 1, '2023-10-09', '07:00:00', '12:15:00', 6, 0, NULL, NULL, NULL),
(536, 16, 1, '2023-10-09', '07:00:00', '12:15:00', 6, 0, NULL, NULL, NULL),
(537, 17, 1, '2023-10-09', '07:00:00', '12:15:00', 6, 0, NULL, NULL, NULL),
(538, 18, 1, '2023-10-09', '07:00:00', '12:15:00', 6, 0, NULL, NULL, NULL),
(539, 19, 1, '2023-10-09', '07:00:00', '12:15:00', 6, 0, NULL, NULL, NULL),
(540, 20, 1, '2023-10-09', '07:00:00', '12:15:00', 6, 0, NULL, NULL, NULL),
(541, 21, 1, '2023-10-09', '07:00:00', '12:15:00', 0, 6, 'S', NULL, NULL),
(542, 22, 1, '2023-10-09', '07:00:00', '12:15:00', 6, 0, NULL, NULL, NULL),
(543, 23, 1, '2023-10-09', '07:00:00', '12:15:00', 6, 0, NULL, NULL, NULL),
(544, 24, 1, '2023-10-09', '07:00:00', '12:15:00', 6, 0, NULL, NULL, NULL),
(545, 25, 1, '2023-10-09', '07:00:00', '12:15:00', 0, 6, 'S', NULL, NULL),
(546, 26, 1, '2023-10-09', '07:00:00', '12:15:00', 6, 0, NULL, NULL, NULL),
(547, 1, 2, '2023-10-09', '13:00:00', '18:00:00', 5, 0, NULL, NULL, NULL),
(548, 2, 2, '2023-10-09', '13:00:00', '18:00:00', 5, 0, NULL, NULL, NULL),
(549, 3, 2, '2023-10-09', '13:00:00', '18:00:00', 5, 0, NULL, NULL, NULL),
(550, 4, 2, '2023-10-09', '13:00:00', '18:00:00', 5, 0, NULL, NULL, NULL),
(551, 5, 2, '2023-10-09', '13:00:00', '18:00:00', 5, 0, '', NULL, NULL),
(552, 6, 2, '2023-10-09', '13:00:00', '18:00:00', 5, 0, NULL, NULL, NULL),
(553, 7, 2, '2023-10-09', '13:00:00', '18:00:00', 5, 0, NULL, NULL, NULL),
(554, 8, 2, '2023-10-09', '13:00:00', '18:00:00', 0, 5, 'S', NULL, NULL),
(555, 9, 2, '2023-10-09', '13:00:00', '18:00:00', 5, 0, NULL, NULL, NULL),
(556, 10, 2, '2023-10-09', '13:00:00', '18:00:00', 5, 0, NULL, NULL, NULL),
(557, 11, 2, '2023-10-09', '13:00:00', '18:00:00', 5, 0, NULL, NULL, NULL),
(558, 12, 2, '2023-10-09', '13:00:00', '18:00:00', 5, 0, NULL, NULL, NULL),
(559, 13, 2, '2023-10-09', '13:00:00', '18:00:00', 5, 0, NULL, NULL, NULL),
(560, 14, 2, '2023-10-09', '13:00:00', '18:00:00', 5, 0, NULL, NULL, NULL),
(561, 15, 2, '2023-10-09', '13:00:00', '18:00:00', 5, 0, NULL, NULL, NULL),
(562, 16, 2, '2023-10-09', '13:00:00', '18:00:00', 5, 0, NULL, NULL, NULL),
(563, 17, 2, '2023-10-09', '13:00:00', '18:00:00', 5, 0, NULL, NULL, NULL),
(564, 18, 2, '2023-10-09', '13:00:00', '18:00:00', 5, 0, NULL, NULL, NULL),
(565, 19, 2, '2023-10-09', '13:00:00', '18:00:00', 5, 0, NULL, NULL, NULL),
(566, 20, 2, '2023-10-09', '13:00:00', '18:00:00', 5, 0, NULL, NULL, NULL),
(567, 21, 2, '2023-10-09', '13:00:00', '18:00:00', 0, 5, 'S', NULL, NULL),
(568, 22, 2, '2023-10-09', '13:00:00', '18:00:00', 5, 0, NULL, NULL, NULL),
(569, 23, 2, '2023-10-09', '13:00:00', '18:00:00', 5, 0, NULL, NULL, NULL),
(570, 24, 2, '2023-10-09', '13:00:00', '18:00:00', 5, 0, NULL, NULL, NULL),
(571, 25, 2, '2023-10-09', '13:00:00', '18:00:00', 0, 5, 'S', NULL, NULL),
(572, 26, 2, '2023-10-09', '13:00:00', '18:00:00', 5, 0, NULL, NULL, NULL),
(573, 1, 3, '2023-10-10', '07:00:00', '10:35:00', 4, 0, NULL, NULL, NULL),
(574, 2, 3, '2023-10-10', '07:00:00', '10:35:00', 4, 0, NULL, NULL, NULL),
(575, 3, 3, '2023-10-10', '07:00:00', '10:35:00', 4, 0, NULL, NULL, NULL),
(576, 4, 3, '2023-10-10', '07:00:00', '10:35:00', 4, 0, NULL, NULL, NULL),
(577, 5, 3, '2023-10-10', '07:00:00', '10:35:00', 4, 0, '', NULL, NULL),
(578, 6, 3, '2023-10-10', '07:00:00', '10:35:00', 4, 0, NULL, NULL, NULL),
(579, 7, 3, '2023-10-10', '07:00:00', '10:35:00', 4, 0, NULL, NULL, NULL),
(580, 8, 3, '2023-10-10', '07:00:00', '10:35:00', 0, 6, 'S', NULL, NULL),
(581, 9, 3, '2023-10-10', '07:00:00', '10:35:00', 4, 0, NULL, NULL, NULL),
(582, 10, 3, '2023-10-10', '07:00:00', '10:35:00', 4, 0, NULL, NULL, NULL),
(583, 11, 3, '2023-10-10', '07:00:00', '10:35:00', 4, 0, NULL, NULL, NULL),
(584, 12, 3, '2023-10-10', '07:00:00', '10:35:00', 4, 0, NULL, NULL, NULL),
(585, 13, 3, '2023-10-10', '07:00:00', '10:35:00', 4, 0, NULL, NULL, NULL),
(586, 14, 3, '2023-10-10', '07:00:00', '10:35:00', 4, 0, NULL, NULL, NULL),
(587, 15, 3, '2023-10-10', '07:00:00', '10:35:00', 4, 0, NULL, NULL, NULL),
(588, 16, 3, '2023-10-10', '07:00:00', '10:35:00', 4, 0, NULL, NULL, NULL),
(589, 17, 3, '2023-10-10', '07:00:00', '10:35:00', 4, 0, NULL, NULL, NULL),
(590, 18, 3, '2023-10-10', '07:00:00', '10:35:00', 4, 0, NULL, NULL, NULL),
(591, 19, 3, '2023-10-10', '07:00:00', '10:35:00', 4, 0, NULL, NULL, NULL),
(592, 20, 3, '2023-10-10', '07:00:00', '10:35:00', 4, 0, NULL, NULL, NULL),
(593, 21, 3, '2023-10-10', '07:00:00', '10:35:00', 0, 6, 'S', NULL, NULL),
(594, 22, 3, '2023-10-10', '07:00:00', '10:35:00', 4, 0, NULL, NULL, NULL),
(595, 23, 3, '2023-10-10', '07:00:00', '10:35:00', 4, 0, NULL, NULL, NULL),
(596, 24, 3, '2023-10-10', '07:00:00', '10:35:00', 4, 0, NULL, NULL, NULL),
(597, 25, 3, '2023-10-10', '07:00:00', '10:35:00', 0, 6, 'S', NULL, NULL),
(598, 26, 3, '2023-10-10', '07:00:00', '10:35:00', 4, 0, NULL, NULL, NULL),
(599, 1, 4, '2023-10-10', '10:35:00', '18:00:00', 7, 0, NULL, NULL, NULL),
(600, 2, 4, '2023-10-10', '10:35:00', '18:00:00', 7, 0, NULL, NULL, NULL),
(601, 3, 4, '2023-10-10', '10:35:00', '18:00:00', 7, 0, NULL, NULL, NULL),
(602, 4, 4, '2023-10-10', '10:35:00', '18:00:00', 7, 0, NULL, NULL, NULL),
(603, 5, 4, '2023-10-10', '10:35:00', '18:00:00', 7, 0, '', NULL, NULL),
(604, 6, 4, '2023-10-10', '10:35:00', '18:00:00', 7, 0, NULL, NULL, NULL),
(605, 7, 4, '2023-10-10', '10:35:00', '18:00:00', 7, 0, NULL, NULL, NULL),
(606, 8, 4, '2023-10-10', '10:35:00', '18:00:00', 0, 7, 'S', NULL, NULL),
(607, 9, 4, '2023-10-10', '10:35:00', '18:00:00', 7, 0, NULL, NULL, NULL),
(608, 10, 4, '2023-10-10', '10:35:00', '18:00:00', 7, 0, NULL, NULL, NULL),
(609, 11, 4, '2023-10-10', '10:35:00', '18:00:00', 7, 0, NULL, NULL, NULL),
(610, 12, 4, '2023-10-10', '10:35:00', '18:00:00', 7, 0, NULL, NULL, NULL),
(611, 13, 4, '2023-10-10', '10:35:00', '18:00:00', 7, 0, NULL, NULL, NULL),
(612, 14, 4, '2023-10-10', '10:35:00', '18:00:00', 7, 0, NULL, NULL, NULL),
(613, 15, 4, '2023-10-10', '10:35:00', '18:00:00', 7, 0, NULL, NULL, NULL),
(614, 16, 4, '2023-10-10', '10:35:00', '18:00:00', 7, 0, NULL, NULL, NULL),
(615, 17, 4, '2023-10-10', '10:35:00', '18:00:00', 7, 0, NULL, NULL, NULL),
(616, 18, 4, '2023-10-10', '10:35:00', '18:00:00', 7, 0, NULL, NULL, NULL),
(617, 19, 4, '2023-10-10', '10:35:00', '18:00:00', 7, 0, NULL, NULL, NULL),
(618, 20, 4, '2023-10-10', '10:35:00', '18:00:00', 7, 0, NULL, NULL, NULL),
(619, 21, 4, '2023-10-10', '10:35:00', '18:00:00', 0, 7, 'S', NULL, NULL),
(620, 22, 4, '2023-10-10', '10:35:00', '18:00:00', 7, 0, NULL, NULL, NULL),
(621, 23, 4, '2023-10-10', '10:35:00', '18:00:00', 7, 0, NULL, NULL, NULL),
(622, 24, 4, '2023-10-10', '10:35:00', '18:00:00', 7, 0, NULL, NULL, NULL),
(623, 25, 4, '2023-10-10', '10:35:00', '18:00:00', 0, 7, 'S', NULL, NULL),
(624, 26, 4, '2023-10-10', '10:35:00', '18:00:00', 7, 0, NULL, NULL, NULL),
(625, 1, 5, '2023-10-11', '07:00:00', '10:35:00', 4, 0, NULL, NULL, NULL),
(626, 2, 5, '2023-10-11', '07:00:00', '10:35:00', 4, 0, NULL, NULL, NULL),
(627, 3, 5, '2023-10-11', '07:00:00', '10:35:00', 4, 0, NULL, NULL, NULL),
(628, 4, 5, '2023-10-11', '07:00:00', '10:35:00', 4, 0, NULL, NULL, NULL),
(629, 5, 5, '2023-10-11', '07:00:00', '10:35:00', 4, 0, '', NULL, NULL),
(630, 6, 5, '2023-10-11', '07:00:00', '10:35:00', 4, 0, NULL, NULL, NULL),
(631, 7, 5, '2023-10-11', '07:00:00', '10:35:00', 4, 0, NULL, NULL, NULL),
(632, 8, 5, '2023-10-11', '07:00:00', '10:35:00', 0, 6, 'S', NULL, NULL),
(633, 9, 5, '2023-10-11', '07:00:00', '10:35:00', 4, 0, NULL, NULL, NULL),
(634, 10, 5, '2023-10-11', '07:00:00', '10:35:00', 4, 0, NULL, NULL, NULL),
(635, 11, 5, '2023-10-11', '07:00:00', '10:35:00', 4, 0, NULL, NULL, NULL),
(636, 12, 5, '2023-10-11', '07:00:00', '10:35:00', 4, 0, NULL, NULL, NULL),
(637, 13, 5, '2023-10-11', '07:00:00', '10:35:00', 4, 0, NULL, NULL, NULL),
(638, 14, 5, '2023-10-11', '07:00:00', '10:35:00', 4, 0, NULL, NULL, NULL),
(639, 15, 5, '2023-10-11', '07:00:00', '10:35:00', 4, 0, NULL, NULL, NULL),
(640, 16, 5, '2023-10-11', '07:00:00', '10:35:00', 4, 0, NULL, NULL, NULL),
(641, 17, 5, '2023-10-11', '07:00:00', '10:35:00', 4, 0, NULL, NULL, NULL),
(642, 18, 5, '2023-10-11', '07:00:00', '10:35:00', 4, 0, NULL, NULL, NULL),
(643, 19, 5, '2023-10-11', '07:00:00', '10:35:00', 4, 0, NULL, NULL, NULL),
(644, 20, 5, '2023-10-11', '07:00:00', '10:35:00', 4, 0, NULL, NULL, NULL),
(645, 21, 5, '2023-10-11', '07:00:00', '10:35:00', 0, 6, 'S', NULL, NULL),
(646, 22, 5, '2023-10-11', '07:00:00', '10:35:00', 4, 0, NULL, NULL, NULL),
(647, 23, 5, '2023-10-11', '07:00:00', '10:35:00', 4, 0, NULL, NULL, NULL),
(648, 24, 5, '2023-10-11', '07:00:00', '10:35:00', 4, 0, NULL, NULL, NULL),
(649, 25, 5, '2023-10-11', '07:00:00', '10:35:00', 0, 6, 'S', NULL, NULL),
(650, 26, 5, '2023-10-11', '07:00:00', '10:35:00', 4, 0, NULL, NULL, NULL),
(651, 1, 6, '2023-10-11', '10:35:00', '18:00:00', 7, 0, NULL, NULL, NULL),
(652, 2, 6, '2023-10-11', '10:35:00', '18:00:00', 7, 0, NULL, NULL, NULL),
(653, 3, 6, '2023-10-11', '10:35:00', '18:00:00', 7, 0, NULL, NULL, NULL),
(654, 4, 6, '2023-10-11', '10:35:00', '18:00:00', 7, 0, NULL, NULL, NULL),
(655, 5, 6, '2023-10-11', '10:35:00', '18:00:00', 7, 0, '', NULL, NULL),
(656, 6, 6, '2023-10-11', '10:35:00', '18:00:00', 7, 0, NULL, NULL, NULL),
(657, 7, 6, '2023-10-11', '10:35:00', '18:00:00', 7, 0, NULL, NULL, NULL),
(658, 8, 6, '2023-10-11', '10:35:00', '18:00:00', 0, 7, 'S', NULL, NULL),
(659, 9, 6, '2023-10-11', '10:35:00', '18:00:00', 7, 0, NULL, NULL, NULL),
(660, 10, 6, '2023-10-11', '10:35:00', '18:00:00', 7, 0, NULL, NULL, NULL),
(661, 11, 6, '2023-10-11', '10:35:00', '18:00:00', 7, 0, NULL, NULL, NULL),
(662, 12, 6, '2023-10-11', '10:35:00', '18:00:00', 7, 0, NULL, NULL, NULL),
(663, 13, 6, '2023-10-11', '10:35:00', '18:00:00', 7, 0, NULL, NULL, NULL),
(664, 14, 6, '2023-10-11', '10:35:00', '18:00:00', 7, 0, NULL, NULL, NULL),
(665, 15, 6, '2023-10-11', '10:35:00', '18:00:00', 7, 0, NULL, NULL, NULL),
(666, 16, 6, '2023-10-11', '10:35:00', '18:00:00', 7, 0, NULL, NULL, NULL),
(667, 17, 6, '2023-10-11', '10:35:00', '18:00:00', 7, 0, NULL, NULL, NULL),
(668, 18, 6, '2023-10-11', '10:35:00', '18:00:00', 7, 0, NULL, NULL, NULL),
(669, 19, 6, '2023-10-11', '10:35:00', '18:00:00', 7, 0, NULL, NULL, NULL),
(670, 20, 6, '2023-10-11', '10:35:00', '18:00:00', 7, 0, NULL, NULL, NULL),
(671, 21, 6, '2023-10-11', '10:35:00', '18:00:00', 0, 7, 'S', NULL, NULL),
(672, 22, 6, '2023-10-11', '10:35:00', '18:00:00', 7, 0, NULL, NULL, NULL),
(673, 23, 6, '2023-10-11', '10:35:00', '18:00:00', 7, 0, NULL, NULL, NULL),
(674, 24, 6, '2023-10-11', '10:35:00', '18:00:00', 7, 0, NULL, NULL, NULL),
(675, 25, 6, '2023-10-11', '10:35:00', '18:00:00', 0, 7, 'S', NULL, NULL),
(676, 26, 6, '2023-10-11', '10:35:00', '18:00:00', 7, 0, NULL, NULL, NULL),
(677, 1, 7, '2023-10-12', '07:00:00', '14:40:00', 8, 0, NULL, NULL, NULL),
(678, 2, 7, '2023-10-12', '07:00:00', '14:40:00', 8, 0, NULL, NULL, NULL),
(679, 3, 7, '2023-10-12', '07:00:00', '14:40:00', 8, 0, NULL, NULL, NULL);
INSERT INTO `presensis` (`id_presensi`, `id_mhs`, `id_tahun_ajar`, `tgl`, `start_kls`, `finish_kls`, `kehadiran`, `ketidakhadiran`, `status`, `created_at`, `updated_at`) VALUES
(680, 4, 7, '2023-10-12', '07:00:00', '14:40:00', 8, 0, NULL, NULL, NULL),
(681, 5, 7, '2023-10-12', '07:00:00', '14:40:00', 8, 0, '', NULL, NULL),
(682, 6, 7, '2023-10-12', '07:00:00', '14:40:00', 8, 0, NULL, NULL, NULL),
(683, 7, 7, '2023-10-12', '07:00:00', '14:40:00', 8, 0, NULL, NULL, NULL),
(684, 8, 7, '2023-10-12', '07:00:00', '14:40:00', 0, 8, 'S', NULL, NULL),
(685, 9, 7, '2023-10-12', '07:00:00', '14:40:00', 8, 0, NULL, NULL, NULL),
(686, 10, 7, '2023-10-12', '07:00:00', '14:40:00', 8, 0, NULL, NULL, NULL),
(687, 11, 7, '2023-10-12', '07:00:00', '14:40:00', 8, 0, NULL, NULL, NULL),
(688, 12, 7, '2023-10-12', '07:00:00', '14:40:00', 8, 0, NULL, NULL, NULL),
(689, 13, 7, '2023-10-12', '07:00:00', '14:40:00', 8, 0, NULL, NULL, NULL),
(690, 14, 7, '2023-10-12', '07:00:00', '14:40:00', 8, 0, NULL, NULL, NULL),
(691, 15, 7, '2023-10-12', '07:00:00', '14:40:00', 8, 0, NULL, NULL, NULL),
(692, 16, 7, '2023-10-12', '07:00:00', '14:40:00', 8, 0, NULL, NULL, NULL),
(693, 17, 7, '2023-10-12', '07:00:00', '14:40:00', 8, 0, NULL, NULL, NULL),
(694, 18, 7, '2023-10-12', '07:00:00', '14:40:00', 8, 0, NULL, NULL, NULL),
(695, 19, 7, '2023-10-12', '07:00:00', '14:40:00', 8, 0, NULL, NULL, NULL),
(696, 20, 7, '2023-10-12', '07:00:00', '14:40:00', 8, 0, NULL, NULL, NULL),
(697, 21, 7, '2023-10-12', '07:00:00', '14:40:00', 0, 8, 'S', NULL, NULL),
(698, 22, 7, '2023-10-12', '07:00:00', '14:40:00', 8, 0, NULL, NULL, NULL),
(699, 23, 7, '2023-10-12', '07:00:00', '14:40:00', 8, 0, NULL, NULL, NULL),
(700, 24, 7, '2023-10-12', '07:00:00', '14:40:00', 8, 0, NULL, NULL, NULL),
(701, 25, 7, '2023-10-12', '07:00:00', '14:40:00', 0, 8, 'S', NULL, NULL),
(702, 26, 7, '2023-10-12', '07:00:00', '14:40:00', 8, 0, NULL, NULL, NULL),
(703, 1, 8, '2023-10-13', '07:00:00', '10:35:00', 4, 0, NULL, NULL, NULL),
(704, 2, 8, '2023-10-13', '07:00:00', '10:35:00', 4, 0, NULL, NULL, NULL),
(705, 3, 8, '2023-10-13', '07:00:00', '10:35:00', 4, 0, NULL, NULL, NULL),
(706, 4, 8, '2023-10-13', '07:00:00', '10:35:00', 4, 0, NULL, NULL, NULL),
(707, 5, 8, '2023-10-13', '07:00:00', '10:35:00', 4, 0, '', NULL, NULL),
(708, 6, 8, '2023-10-13', '07:00:00', '10:35:00', 4, 0, NULL, NULL, NULL),
(709, 7, 8, '2023-10-13', '07:00:00', '10:35:00', 4, 0, NULL, NULL, NULL),
(710, 8, 8, '2023-10-13', '07:00:00', '10:35:00', 0, 6, 'S', NULL, NULL),
(711, 9, 8, '2023-10-13', '07:00:00', '10:35:00', 4, 0, NULL, NULL, NULL),
(712, 10, 8, '2023-10-13', '07:00:00', '10:35:00', 4, 0, NULL, NULL, NULL),
(713, 11, 8, '2023-10-13', '07:00:00', '10:35:00', 4, 0, NULL, NULL, NULL),
(714, 12, 8, '2023-10-13', '07:00:00', '10:35:00', 4, 0, NULL, NULL, NULL),
(715, 13, 8, '2023-10-13', '07:00:00', '10:35:00', 4, 0, NULL, NULL, NULL),
(716, 14, 8, '2023-10-13', '07:00:00', '10:35:00', 4, 0, NULL, NULL, NULL),
(717, 15, 8, '2023-10-13', '07:00:00', '10:35:00', 4, 0, NULL, NULL, NULL),
(718, 16, 8, '2023-10-13', '07:00:00', '10:35:00', 4, 0, NULL, NULL, NULL),
(719, 17, 8, '2023-10-13', '07:00:00', '10:35:00', 4, 0, NULL, NULL, NULL),
(720, 18, 8, '2023-10-13', '07:00:00', '10:35:00', 4, 0, NULL, NULL, NULL),
(721, 19, 8, '2023-10-13', '07:00:00', '10:35:00', 4, 0, NULL, NULL, NULL),
(722, 20, 8, '2023-10-13', '07:00:00', '10:35:00', 4, 0, NULL, NULL, NULL),
(723, 21, 8, '2023-10-13', '07:00:00', '10:35:00', 0, 6, 'S', NULL, NULL),
(724, 22, 8, '2023-10-13', '07:00:00', '10:35:00', 4, 0, NULL, NULL, NULL),
(725, 23, 8, '2023-10-13', '07:00:00', '10:35:00', 4, 0, NULL, NULL, NULL),
(726, 24, 8, '2023-10-13', '07:00:00', '10:35:00', 4, 0, NULL, NULL, NULL),
(727, 25, 8, '2023-10-13', '07:00:00', '10:35:00', 0, 6, 'S', NULL, NULL),
(728, 26, 8, '2023-10-13', '07:00:00', '10:35:00', 4, 0, NULL, NULL, NULL),
(729, 1, 9, '2023-10-13', '10:35:00', '16:20:00', 4, 0, NULL, NULL, NULL),
(730, 2, 9, '2023-10-13', '10:35:00', '16:20:00', 4, 0, NULL, NULL, NULL),
(731, 3, 9, '2023-10-13', '10:35:00', '16:20:00', 4, 0, NULL, NULL, NULL),
(732, 4, 9, '2023-10-13', '10:35:00', '16:20:00', 4, 0, NULL, NULL, NULL),
(733, 5, 9, '2023-10-13', '10:35:00', '16:20:00', 4, 0, '', NULL, NULL),
(734, 6, 9, '2023-10-13', '10:35:00', '16:20:00', 4, 0, NULL, NULL, NULL),
(735, 7, 9, '2023-10-13', '10:35:00', '16:20:00', 4, 0, NULL, NULL, NULL),
(736, 8, 9, '2023-10-13', '10:35:00', '16:20:00', 0, 4, 'S', NULL, NULL),
(737, 9, 9, '2023-10-13', '10:35:00', '16:20:00', 4, 0, NULL, NULL, NULL),
(738, 10, 9, '2023-10-13', '10:35:00', '16:20:00', 4, 0, NULL, NULL, NULL),
(739, 11, 9, '2023-10-13', '10:35:00', '16:20:00', 4, 0, NULL, NULL, NULL),
(740, 12, 9, '2023-10-13', '10:35:00', '16:20:00', 4, 0, NULL, NULL, NULL),
(741, 13, 9, '2023-10-13', '10:35:00', '16:20:00', 4, 0, NULL, NULL, NULL),
(742, 14, 9, '2023-10-13', '10:35:00', '16:20:00', 4, 0, NULL, NULL, NULL),
(743, 15, 9, '2023-10-13', '10:35:00', '16:20:00', 4, 0, NULL, NULL, NULL),
(744, 16, 9, '2023-10-13', '10:35:00', '16:20:00', 4, 0, NULL, NULL, NULL),
(745, 17, 9, '2023-10-13', '10:35:00', '16:20:00', 4, 0, NULL, NULL, NULL),
(746, 18, 9, '2023-10-13', '10:35:00', '16:20:00', 4, 0, NULL, NULL, NULL),
(747, 19, 9, '2023-10-13', '10:35:00', '16:20:00', 4, 0, NULL, NULL, NULL),
(748, 20, 9, '2023-10-13', '10:35:00', '16:20:00', 4, 0, NULL, NULL, NULL),
(749, 21, 9, '2023-10-13', '10:35:00', '16:20:00', 0, 4, 'S', NULL, NULL),
(750, 22, 9, '2023-10-13', '10:35:00', '16:20:00', 4, 0, NULL, NULL, NULL),
(751, 23, 9, '2023-10-13', '10:35:00', '16:20:00', 4, 0, NULL, NULL, NULL),
(752, 24, 9, '2023-10-13', '10:35:00', '16:20:00', 4, 0, NULL, NULL, NULL),
(753, 25, 9, '2023-10-13', '10:35:00', '16:20:00', 0, 4, 'S', NULL, NULL),
(754, 26, 9, '2023-10-13', '10:35:00', '16:20:00', 4, 0, NULL, NULL, NULL),
(755, 1, 10, '2023-10-13', '16:20:00', '18:00:00', 2, 0, NULL, NULL, NULL),
(756, 2, 10, '2023-10-13', '16:20:00', '18:00:00', 2, 0, NULL, NULL, NULL),
(757, 3, 10, '2023-10-13', '16:20:00', '18:00:00', 2, 0, NULL, NULL, NULL),
(758, 4, 10, '2023-10-13', '16:20:00', '18:00:00', 2, 0, NULL, NULL, NULL),
(759, 5, 10, '2023-10-13', '16:20:00', '18:00:00', 2, 0, '', NULL, NULL),
(760, 6, 10, '2023-10-13', '16:20:00', '18:00:00', 2, 0, NULL, NULL, NULL),
(761, 7, 10, '2023-10-13', '16:20:00', '18:00:00', 2, 0, NULL, NULL, NULL),
(762, 8, 10, '2023-10-13', '16:20:00', '18:00:00', 0, 2, 'S', NULL, NULL),
(763, 9, 10, '2023-10-13', '16:20:00', '18:00:00', 2, 0, NULL, NULL, NULL),
(764, 10, 10, '2023-10-13', '16:20:00', '18:00:00', 2, 0, NULL, NULL, NULL),
(765, 11, 10, '2023-10-13', '16:20:00', '18:00:00', 2, 0, NULL, NULL, NULL),
(766, 12, 10, '2023-10-13', '16:20:00', '18:00:00', 2, 0, NULL, NULL, NULL),
(767, 13, 10, '2023-10-13', '16:20:00', '18:00:00', 2, 0, NULL, NULL, NULL),
(768, 14, 10, '2023-10-13', '16:20:00', '18:00:00', 2, 0, NULL, NULL, NULL),
(769, 15, 10, '2023-10-13', '16:20:00', '18:00:00', 2, 0, NULL, NULL, NULL),
(770, 16, 10, '2023-10-13', '16:20:00', '18:00:00', 2, 0, NULL, NULL, NULL),
(771, 17, 10, '2023-10-13', '16:20:00', '18:00:00', 2, 0, NULL, NULL, NULL),
(772, 18, 10, '2023-10-13', '16:20:00', '18:00:00', 2, 0, NULL, NULL, NULL),
(773, 19, 10, '2023-10-13', '16:20:00', '18:00:00', 2, 0, NULL, NULL, NULL),
(774, 20, 10, '2023-10-13', '16:20:00', '18:00:00', 2, 0, NULL, NULL, NULL),
(775, 21, 10, '2023-10-13', '16:20:00', '18:00:00', 0, 2, 'S', NULL, NULL),
(776, 22, 10, '2023-10-13', '16:20:00', '18:00:00', 2, 0, NULL, NULL, NULL),
(777, 23, 10, '2023-10-13', '16:20:00', '18:00:00', 2, 0, NULL, NULL, NULL),
(778, 24, 10, '2023-10-13', '16:20:00', '18:00:00', 2, 0, NULL, NULL, NULL),
(779, 25, 10, '2023-10-13', '16:20:00', '18:00:00', 0, 2, 'S', NULL, NULL),
(780, 26, 10, '2023-10-13', '16:20:00', '18:00:00', 2, 0, NULL, NULL, NULL),
(781, 1, 1, '2023-10-16', '07:00:00', '12:15:00', 6, 0, NULL, NULL, NULL),
(782, 2, 1, '2023-10-16', '07:00:00', '12:15:00', 6, 0, NULL, NULL, NULL),
(783, 3, 1, '2023-10-16', '07:00:00', '12:15:00', 6, 0, NULL, NULL, NULL),
(784, 4, 1, '2023-10-16', '07:00:00', '12:15:00', 6, 0, NULL, NULL, NULL),
(785, 5, 1, '2023-10-16', '07:00:00', '12:15:00', 6, 0, '', NULL, NULL),
(786, 6, 1, '2023-10-16', '07:00:00', '12:15:00', 6, 0, NULL, NULL, NULL),
(787, 7, 1, '2023-10-16', '07:00:00', '12:15:00', 6, 0, NULL, NULL, NULL),
(788, 8, 1, '2023-10-16', '07:00:00', '12:15:00', 0, 6, 'S', NULL, NULL),
(789, 9, 1, '2023-10-16', '07:00:00', '12:15:00', 6, 0, NULL, NULL, NULL),
(790, 10, 1, '2023-10-16', '07:00:00', '12:15:00', 6, 0, NULL, NULL, NULL),
(791, 11, 1, '2023-10-16', '07:00:00', '12:15:00', 6, 0, NULL, NULL, NULL),
(792, 12, 1, '2023-10-16', '07:00:00', '12:15:00', 6, 0, NULL, NULL, NULL),
(793, 13, 1, '2023-10-16', '07:00:00', '12:15:00', 6, 0, NULL, NULL, NULL),
(794, 14, 1, '2023-10-16', '07:00:00', '12:15:00', 6, 0, NULL, NULL, NULL),
(795, 15, 1, '2023-10-16', '07:00:00', '12:15:00', 6, 0, NULL, NULL, NULL),
(796, 16, 1, '2023-10-16', '07:00:00', '12:15:00', 6, 0, NULL, NULL, NULL),
(797, 17, 1, '2023-10-16', '07:00:00', '12:15:00', 6, 0, NULL, NULL, NULL),
(798, 18, 1, '2023-10-16', '07:00:00', '12:15:00', 6, 0, NULL, NULL, NULL),
(799, 19, 1, '2023-10-16', '07:00:00', '12:15:00', 6, 0, NULL, NULL, NULL),
(800, 20, 1, '2023-10-16', '07:00:00', '12:15:00', 6, 0, NULL, NULL, NULL),
(801, 21, 1, '2023-10-16', '07:00:00', '12:15:00', 0, 6, 'S', NULL, NULL),
(802, 22, 1, '2023-10-16', '07:00:00', '12:15:00', 6, 0, NULL, NULL, NULL),
(803, 23, 1, '2023-10-16', '07:00:00', '12:15:00', 6, 0, NULL, NULL, NULL),
(804, 24, 1, '2023-10-16', '07:00:00', '12:15:00', 6, 0, NULL, NULL, NULL),
(805, 25, 1, '2023-10-16', '07:00:00', '12:15:00', 0, 6, 'S', NULL, NULL),
(806, 26, 1, '2023-10-16', '07:00:00', '12:15:00', 6, 0, NULL, NULL, NULL),
(807, 1, 2, '2023-10-16', '13:00:00', '18:00:00', 5, 0, NULL, NULL, NULL),
(808, 2, 2, '2023-10-16', '13:00:00', '18:00:00', 5, 0, NULL, NULL, NULL),
(809, 3, 2, '2023-10-16', '13:00:00', '18:00:00', 5, 0, NULL, NULL, NULL),
(810, 4, 2, '2023-10-16', '13:00:00', '18:00:00', 5, 0, NULL, NULL, NULL),
(811, 5, 2, '2023-10-16', '13:00:00', '18:00:00', 5, 0, '', NULL, NULL),
(812, 6, 2, '2023-10-16', '13:00:00', '18:00:00', 5, 0, NULL, NULL, NULL),
(813, 7, 2, '2023-10-16', '13:00:00', '18:00:00', 5, 0, NULL, NULL, NULL),
(814, 8, 2, '2023-10-16', '13:00:00', '18:00:00', 0, 5, 'S', NULL, NULL),
(815, 9, 2, '2023-10-16', '13:00:00', '18:00:00', 5, 0, NULL, NULL, NULL),
(816, 10, 2, '2023-10-16', '13:00:00', '18:00:00', 5, 0, NULL, NULL, NULL),
(817, 11, 2, '2023-10-16', '13:00:00', '18:00:00', 5, 0, NULL, NULL, NULL),
(818, 12, 2, '2023-10-16', '13:00:00', '18:00:00', 5, 0, NULL, NULL, NULL),
(819, 13, 2, '2023-10-16', '13:00:00', '18:00:00', 5, 0, NULL, NULL, NULL),
(820, 14, 2, '2023-10-16', '13:00:00', '18:00:00', 5, 0, NULL, NULL, NULL),
(821, 15, 2, '2023-10-16', '13:00:00', '18:00:00', 5, 0, NULL, NULL, NULL),
(822, 16, 2, '2023-10-16', '13:00:00', '18:00:00', 5, 0, NULL, NULL, NULL),
(823, 17, 2, '2023-10-16', '13:00:00', '18:00:00', 5, 0, NULL, NULL, NULL),
(824, 18, 2, '2023-10-16', '13:00:00', '18:00:00', 5, 0, NULL, NULL, NULL),
(825, 19, 2, '2023-10-16', '13:00:00', '18:00:00', 5, 0, NULL, NULL, NULL),
(826, 20, 2, '2023-10-16', '13:00:00', '18:00:00', 5, 0, NULL, NULL, NULL),
(827, 21, 2, '2023-10-16', '13:00:00', '18:00:00', 0, 5, 'S', NULL, NULL),
(828, 22, 2, '2023-10-16', '13:00:00', '18:00:00', 5, 0, NULL, NULL, NULL),
(829, 23, 2, '2023-10-16', '13:00:00', '18:00:00', 5, 0, NULL, NULL, NULL),
(830, 24, 2, '2023-10-16', '13:00:00', '18:00:00', 5, 0, NULL, NULL, NULL),
(831, 25, 2, '2023-10-16', '13:00:00', '18:00:00', 0, 5, 'S', NULL, NULL),
(832, 26, 2, '2023-10-16', '13:00:00', '18:00:00', 5, 0, NULL, NULL, NULL),
(833, 1, 3, '2023-10-17', '07:00:00', '10:35:00', 4, 0, NULL, NULL, NULL),
(834, 2, 3, '2023-10-17', '07:00:00', '10:35:00', 4, 0, NULL, NULL, NULL),
(835, 3, 3, '2023-10-17', '07:00:00', '10:35:00', 4, 0, NULL, NULL, NULL),
(836, 4, 3, '2023-10-17', '07:00:00', '10:35:00', 4, 0, NULL, NULL, NULL),
(837, 5, 3, '2023-10-17', '07:00:00', '10:35:00', 4, 0, '', NULL, NULL),
(838, 6, 3, '2023-10-17', '07:00:00', '10:35:00', 4, 0, NULL, NULL, NULL),
(839, 7, 3, '2023-10-17', '07:00:00', '10:35:00', 4, 0, NULL, NULL, NULL),
(840, 8, 3, '2023-10-17', '07:00:00', '10:35:00', 0, 6, 'S', NULL, NULL),
(841, 9, 3, '2023-10-17', '07:00:00', '10:35:00', 4, 0, NULL, NULL, NULL),
(842, 10, 3, '2023-10-17', '07:00:00', '10:35:00', 4, 0, NULL, NULL, NULL),
(843, 11, 3, '2023-10-17', '07:00:00', '10:35:00', 4, 0, NULL, NULL, NULL),
(844, 12, 3, '2023-10-17', '07:00:00', '10:35:00', 4, 0, NULL, NULL, NULL),
(845, 13, 3, '2023-10-17', '07:00:00', '10:35:00', 4, 0, NULL, NULL, NULL),
(846, 14, 3, '2023-10-17', '07:00:00', '10:35:00', 4, 0, NULL, NULL, NULL),
(847, 15, 3, '2023-10-17', '07:00:00', '10:35:00', 4, 0, NULL, NULL, NULL),
(848, 16, 3, '2023-10-17', '07:00:00', '10:35:00', 4, 0, NULL, NULL, NULL),
(849, 17, 3, '2023-10-17', '07:00:00', '10:35:00', 4, 0, NULL, NULL, NULL),
(850, 18, 3, '2023-10-17', '07:00:00', '10:35:00', 4, 0, NULL, NULL, NULL),
(851, 19, 3, '2023-10-17', '07:00:00', '10:35:00', 4, 0, NULL, NULL, NULL),
(852, 20, 3, '2023-10-17', '07:00:00', '10:35:00', 4, 0, NULL, NULL, NULL),
(853, 21, 3, '2023-10-17', '07:00:00', '10:35:00', 0, 6, 'S', NULL, NULL),
(854, 22, 3, '2023-10-17', '07:00:00', '10:35:00', 4, 0, NULL, NULL, NULL),
(855, 23, 3, '2023-10-17', '07:00:00', '10:35:00', 4, 0, NULL, NULL, NULL),
(856, 24, 3, '2023-10-17', '07:00:00', '10:35:00', 4, 0, NULL, NULL, NULL),
(857, 25, 3, '2023-10-17', '07:00:00', '10:35:00', 0, 6, 'S', NULL, NULL),
(858, 26, 3, '2023-10-17', '07:00:00', '10:35:00', 4, 0, NULL, NULL, NULL),
(859, 1, 4, '2023-10-17', '10:35:00', '18:00:00', 7, 0, NULL, NULL, NULL),
(860, 2, 4, '2023-10-17', '10:35:00', '18:00:00', 7, 0, NULL, NULL, NULL),
(861, 3, 4, '2023-10-17', '10:35:00', '18:00:00', 7, 0, NULL, NULL, NULL),
(862, 4, 4, '2023-10-17', '10:35:00', '18:00:00', 7, 0, NULL, NULL, NULL),
(863, 5, 4, '2023-10-17', '10:35:00', '18:00:00', 7, 0, '', NULL, NULL),
(864, 6, 4, '2023-10-17', '10:35:00', '18:00:00', 7, 0, NULL, NULL, NULL),
(865, 7, 4, '2023-10-17', '10:35:00', '18:00:00', 7, 0, NULL, NULL, NULL),
(866, 8, 4, '2023-10-17', '10:35:00', '18:00:00', 0, 7, 'S', NULL, NULL),
(867, 9, 4, '2023-10-17', '10:35:00', '18:00:00', 7, 0, NULL, NULL, NULL),
(868, 10, 4, '2023-10-17', '10:35:00', '18:00:00', 7, 0, NULL, NULL, NULL),
(869, 11, 4, '2023-10-17', '10:35:00', '18:00:00', 7, 0, NULL, NULL, NULL),
(870, 12, 4, '2023-10-17', '10:35:00', '18:00:00', 7, 0, NULL, NULL, NULL),
(871, 13, 4, '2023-10-17', '10:35:00', '18:00:00', 7, 0, NULL, NULL, NULL),
(872, 14, 4, '2023-10-17', '10:35:00', '18:00:00', 7, 0, NULL, NULL, NULL),
(873, 15, 4, '2023-10-17', '10:35:00', '18:00:00', 7, 0, NULL, NULL, NULL),
(874, 16, 4, '2023-10-17', '10:35:00', '18:00:00', 7, 0, NULL, NULL, NULL),
(875, 17, 4, '2023-10-17', '10:35:00', '18:00:00', 7, 0, NULL, NULL, NULL),
(876, 18, 4, '2023-10-17', '10:35:00', '18:00:00', 7, 0, NULL, NULL, NULL),
(877, 19, 4, '2023-10-17', '10:35:00', '18:00:00', 7, 0, NULL, NULL, NULL),
(878, 20, 4, '2023-10-17', '10:35:00', '18:00:00', 7, 0, NULL, NULL, NULL),
(879, 21, 4, '2023-10-17', '10:35:00', '18:00:00', 0, 7, 'S', NULL, NULL),
(880, 22, 4, '2023-10-17', '10:35:00', '18:00:00', 7, 0, NULL, NULL, NULL),
(881, 23, 4, '2023-10-17', '10:35:00', '18:00:00', 7, 0, NULL, NULL, NULL),
(882, 24, 4, '2023-10-17', '10:35:00', '18:00:00', 7, 0, NULL, NULL, NULL),
(883, 25, 4, '2023-10-17', '10:35:00', '18:00:00', 0, 7, 'S', NULL, NULL),
(884, 26, 4, '2023-10-17', '10:35:00', '18:00:00', 7, 0, NULL, NULL, NULL),
(885, 1, 5, '2023-10-18', '07:00:00', '10:35:00', 4, 0, NULL, NULL, NULL),
(886, 2, 5, '2023-10-18', '07:00:00', '10:35:00', 4, 0, NULL, NULL, NULL),
(887, 3, 5, '2023-10-18', '07:00:00', '10:35:00', 4, 0, NULL, NULL, NULL),
(888, 4, 5, '2023-10-18', '07:00:00', '10:35:00', 4, 0, NULL, NULL, NULL),
(889, 5, 5, '2023-10-18', '07:00:00', '10:35:00', 4, 0, '', NULL, NULL),
(890, 6, 5, '2023-10-18', '07:00:00', '10:35:00', 4, 0, NULL, NULL, NULL),
(891, 7, 5, '2023-10-18', '07:00:00', '10:35:00', 4, 0, NULL, NULL, NULL),
(892, 8, 5, '2023-10-18', '07:00:00', '10:35:00', 0, 6, 'S', NULL, NULL),
(893, 9, 5, '2023-10-18', '07:00:00', '10:35:00', 4, 0, NULL, NULL, NULL),
(894, 10, 5, '2023-10-18', '07:00:00', '10:35:00', 4, 0, NULL, NULL, NULL),
(895, 11, 5, '2023-10-18', '07:00:00', '10:35:00', 4, 0, NULL, NULL, NULL),
(896, 12, 5, '2023-10-18', '07:00:00', '10:35:00', 4, 0, NULL, NULL, NULL),
(897, 13, 5, '2023-10-18', '07:00:00', '10:35:00', 4, 0, NULL, NULL, NULL),
(898, 14, 5, '2023-10-18', '07:00:00', '10:35:00', 4, 0, NULL, NULL, NULL),
(899, 15, 5, '2023-10-18', '07:00:00', '10:35:00', 4, 0, NULL, NULL, NULL),
(900, 16, 5, '2023-10-18', '07:00:00', '10:35:00', 4, 0, NULL, NULL, NULL),
(901, 17, 5, '2023-10-18', '07:00:00', '10:35:00', 4, 0, NULL, NULL, NULL),
(902, 18, 5, '2023-10-18', '07:00:00', '10:35:00', 4, 0, NULL, NULL, NULL),
(903, 19, 5, '2023-10-18', '07:00:00', '10:35:00', 4, 0, NULL, NULL, NULL),
(904, 20, 5, '2023-10-18', '07:00:00', '10:35:00', 4, 0, NULL, NULL, NULL),
(905, 21, 5, '2023-10-18', '07:00:00', '10:35:00', 0, 6, 'S', NULL, NULL),
(906, 22, 5, '2023-10-18', '07:00:00', '10:35:00', 4, 0, NULL, NULL, NULL),
(907, 23, 5, '2023-10-18', '07:00:00', '10:35:00', 4, 0, NULL, NULL, NULL),
(908, 24, 5, '2023-10-18', '07:00:00', '10:35:00', 4, 0, NULL, NULL, NULL),
(909, 25, 5, '2023-10-18', '07:00:00', '10:35:00', 0, 6, 'S', NULL, NULL),
(910, 26, 5, '2023-10-18', '07:00:00', '10:35:00', 4, 0, NULL, NULL, NULL),
(911, 1, 6, '2023-10-18', '10:35:00', '18:00:00', 7, 0, NULL, NULL, NULL),
(912, 2, 6, '2023-10-18', '10:35:00', '18:00:00', 7, 0, NULL, NULL, NULL),
(913, 3, 6, '2023-10-18', '10:35:00', '18:00:00', 7, 0, NULL, NULL, NULL),
(914, 4, 6, '2023-10-18', '10:35:00', '18:00:00', 7, 0, NULL, NULL, NULL),
(915, 5, 6, '2023-10-18', '10:35:00', '18:00:00', 7, 0, '', NULL, NULL),
(916, 6, 6, '2023-10-18', '10:35:00', '18:00:00', 7, 0, NULL, NULL, NULL),
(917, 7, 6, '2023-10-18', '10:35:00', '18:00:00', 7, 0, NULL, NULL, NULL),
(918, 8, 6, '2023-10-18', '10:35:00', '18:00:00', 0, 7, 'S', NULL, NULL),
(919, 9, 6, '2023-10-18', '10:35:00', '18:00:00', 7, 0, NULL, NULL, NULL),
(920, 10, 6, '2023-10-18', '10:35:00', '18:00:00', 7, 0, NULL, NULL, NULL),
(921, 11, 6, '2023-10-18', '10:35:00', '18:00:00', 7, 0, NULL, NULL, NULL),
(922, 12, 6, '2023-10-18', '10:35:00', '18:00:00', 7, 0, NULL, NULL, NULL),
(923, 13, 6, '2023-10-18', '10:35:00', '18:00:00', 7, 0, NULL, NULL, NULL),
(924, 14, 6, '2023-10-18', '10:35:00', '18:00:00', 7, 0, NULL, NULL, NULL),
(925, 15, 6, '2023-10-18', '10:35:00', '18:00:00', 7, 0, NULL, NULL, NULL),
(926, 16, 6, '2023-10-18', '10:35:00', '18:00:00', 7, 0, NULL, NULL, NULL),
(927, 17, 6, '2023-10-18', '10:35:00', '18:00:00', 7, 0, NULL, NULL, NULL),
(928, 18, 6, '2023-10-18', '10:35:00', '18:00:00', 7, 0, NULL, NULL, NULL),
(929, 19, 6, '2023-10-18', '10:35:00', '18:00:00', 7, 0, NULL, NULL, NULL),
(930, 20, 6, '2023-10-18', '10:35:00', '18:00:00', 7, 0, NULL, NULL, NULL),
(931, 21, 6, '2023-10-18', '10:35:00', '18:00:00', 0, 7, 'S', NULL, NULL),
(932, 22, 6, '2023-10-18', '10:35:00', '18:00:00', 7, 0, NULL, NULL, NULL),
(933, 23, 6, '2023-10-18', '10:35:00', '18:00:00', 7, 0, NULL, NULL, NULL),
(934, 24, 6, '2023-10-18', '10:35:00', '18:00:00', 7, 0, NULL, NULL, NULL),
(935, 25, 6, '2023-10-18', '10:35:00', '18:00:00', 0, 7, 'S', NULL, NULL),
(936, 26, 6, '2023-10-18', '10:35:00', '18:00:00', 7, 0, NULL, NULL, NULL),
(937, 1, 7, '2023-10-19', '07:00:00', '14:40:00', 8, 0, NULL, NULL, NULL),
(938, 2, 7, '2023-10-19', '07:00:00', '14:40:00', 8, 0, NULL, NULL, NULL),
(939, 3, 7, '2023-10-19', '07:00:00', '14:40:00', 8, 0, NULL, NULL, NULL),
(940, 4, 7, '2023-10-19', '07:00:00', '14:40:00', 8, 0, NULL, NULL, NULL),
(941, 5, 7, '2023-10-19', '07:00:00', '14:40:00', 8, 0, '', NULL, NULL),
(942, 6, 7, '2023-10-19', '07:00:00', '14:40:00', 8, 0, NULL, NULL, NULL),
(943, 7, 7, '2023-10-19', '07:00:00', '14:40:00', 8, 0, NULL, NULL, NULL),
(944, 8, 7, '2023-10-19', '07:00:00', '14:40:00', 0, 8, 'S', NULL, NULL),
(945, 9, 7, '2023-10-19', '07:00:00', '14:40:00', 8, 0, NULL, NULL, NULL),
(946, 10, 7, '2023-10-19', '07:00:00', '14:40:00', 8, 0, NULL, NULL, NULL),
(947, 11, 7, '2023-10-19', '07:00:00', '14:40:00', 8, 0, NULL, NULL, NULL),
(948, 12, 7, '2023-10-19', '07:00:00', '14:40:00', 8, 0, NULL, NULL, NULL),
(949, 13, 7, '2023-10-19', '07:00:00', '14:40:00', 8, 0, NULL, NULL, NULL),
(950, 14, 7, '2023-10-19', '07:00:00', '14:40:00', 8, 0, NULL, NULL, NULL),
(951, 15, 7, '2023-10-19', '07:00:00', '14:40:00', 8, 0, NULL, NULL, NULL),
(952, 16, 7, '2023-10-19', '07:00:00', '14:40:00', 8, 0, NULL, NULL, NULL),
(953, 17, 7, '2023-10-19', '07:00:00', '14:40:00', 8, 0, NULL, NULL, NULL),
(954, 18, 7, '2023-10-19', '07:00:00', '14:40:00', 8, 0, NULL, NULL, NULL),
(955, 19, 7, '2023-10-19', '07:00:00', '14:40:00', 8, 0, NULL, NULL, NULL),
(956, 20, 7, '2023-10-19', '07:00:00', '14:40:00', 8, 0, NULL, NULL, NULL),
(957, 21, 7, '2023-10-19', '07:00:00', '14:40:00', 0, 8, 'S', NULL, NULL),
(958, 22, 7, '2023-10-19', '07:00:00', '14:40:00', 8, 0, NULL, NULL, NULL),
(959, 23, 7, '2023-10-19', '07:00:00', '14:40:00', 8, 0, NULL, NULL, NULL),
(960, 24, 7, '2023-10-19', '07:00:00', '14:40:00', 8, 0, NULL, NULL, NULL),
(961, 25, 7, '2023-10-19', '07:00:00', '14:40:00', 0, 8, 'S', NULL, NULL),
(962, 26, 7, '2023-10-19', '07:00:00', '14:40:00', 8, 0, NULL, NULL, NULL),
(963, 1, 8, '2023-10-20', '07:00:00', '10:35:00', 4, 0, NULL, NULL, NULL),
(964, 2, 8, '2023-10-20', '07:00:00', '10:35:00', 4, 0, NULL, NULL, NULL),
(965, 3, 8, '2023-10-20', '07:00:00', '10:35:00', 4, 0, NULL, NULL, NULL),
(966, 4, 8, '2023-10-20', '07:00:00', '10:35:00', 4, 0, NULL, NULL, NULL),
(967, 5, 8, '2023-10-20', '07:00:00', '10:35:00', 4, 0, '', NULL, NULL),
(968, 6, 8, '2023-10-20', '07:00:00', '10:35:00', 4, 0, NULL, NULL, NULL),
(969, 7, 8, '2023-10-20', '07:00:00', '10:35:00', 4, 0, NULL, NULL, NULL),
(970, 8, 8, '2023-10-20', '07:00:00', '10:35:00', 0, 6, 'S', NULL, NULL),
(971, 9, 8, '2023-10-20', '07:00:00', '10:35:00', 4, 0, NULL, NULL, NULL),
(972, 10, 8, '2023-10-20', '07:00:00', '10:35:00', 4, 0, NULL, NULL, NULL),
(973, 11, 8, '2023-10-20', '07:00:00', '10:35:00', 4, 0, NULL, NULL, NULL),
(974, 12, 8, '2023-10-20', '07:00:00', '10:35:00', 4, 0, NULL, NULL, NULL),
(975, 13, 8, '2023-10-20', '07:00:00', '10:35:00', 4, 0, NULL, NULL, NULL),
(976, 14, 8, '2023-10-20', '07:00:00', '10:35:00', 4, 0, NULL, NULL, NULL),
(977, 15, 8, '2023-10-20', '07:00:00', '10:35:00', 4, 0, NULL, NULL, NULL),
(978, 16, 8, '2023-10-20', '07:00:00', '10:35:00', 4, 0, NULL, NULL, NULL),
(979, 17, 8, '2023-10-20', '07:00:00', '10:35:00', 4, 0, NULL, NULL, NULL),
(980, 18, 8, '2023-10-20', '07:00:00', '10:35:00', 4, 0, NULL, NULL, NULL),
(981, 19, 8, '2023-10-20', '07:00:00', '10:35:00', 4, 0, NULL, NULL, NULL),
(982, 20, 8, '2023-10-20', '07:00:00', '10:35:00', 4, 0, NULL, NULL, NULL),
(983, 21, 8, '2023-10-20', '07:00:00', '10:35:00', 0, 6, 'S', NULL, NULL),
(984, 22, 8, '2023-10-20', '07:00:00', '10:35:00', 4, 0, NULL, NULL, NULL),
(985, 23, 8, '2023-10-20', '07:00:00', '10:35:00', 4, 0, NULL, NULL, NULL),
(986, 24, 8, '2023-10-20', '07:00:00', '10:35:00', 4, 0, NULL, NULL, NULL),
(987, 25, 8, '2023-10-20', '07:00:00', '10:35:00', 0, 6, 'S', NULL, NULL),
(988, 26, 8, '2023-10-20', '07:00:00', '10:35:00', 4, 0, NULL, NULL, NULL),
(989, 1, 9, '2023-10-20', '10:35:00', '16:20:00', 4, 0, NULL, NULL, NULL),
(990, 2, 9, '2023-10-20', '10:35:00', '16:20:00', 4, 0, NULL, NULL, NULL),
(991, 3, 9, '2023-10-20', '10:35:00', '16:20:00', 4, 0, NULL, NULL, NULL),
(992, 4, 9, '2023-10-20', '10:35:00', '16:20:00', 4, 0, NULL, NULL, NULL),
(993, 5, 9, '2023-10-20', '10:35:00', '16:20:00', 4, 0, '', NULL, NULL),
(994, 6, 9, '2023-10-20', '10:35:00', '16:20:00', 4, 0, NULL, NULL, NULL),
(995, 7, 9, '2023-10-20', '10:35:00', '16:20:00', 4, 0, NULL, NULL, NULL),
(996, 8, 9, '2023-10-20', '10:35:00', '16:20:00', 0, 4, 'S', NULL, NULL),
(997, 9, 9, '2023-10-20', '10:35:00', '16:20:00', 4, 0, NULL, NULL, NULL),
(998, 10, 9, '2023-10-20', '10:35:00', '16:20:00', 4, 0, NULL, NULL, NULL),
(999, 11, 9, '2023-10-20', '10:35:00', '16:20:00', 4, 0, NULL, NULL, NULL),
(1000, 12, 9, '2023-10-20', '10:35:00', '16:20:00', 4, 0, NULL, NULL, NULL),
(1001, 13, 9, '2023-10-20', '10:35:00', '16:20:00', 4, 0, NULL, NULL, NULL),
(1002, 14, 9, '2023-10-20', '10:35:00', '16:20:00', 4, 0, NULL, NULL, NULL),
(1003, 15, 9, '2023-10-20', '10:35:00', '16:20:00', 4, 0, NULL, NULL, NULL),
(1004, 16, 9, '2023-10-20', '10:35:00', '16:20:00', 4, 0, NULL, NULL, NULL),
(1005, 17, 9, '2023-10-20', '10:35:00', '16:20:00', 4, 0, NULL, NULL, NULL),
(1006, 18, 9, '2023-10-20', '10:35:00', '16:20:00', 4, 0, NULL, NULL, NULL),
(1007, 19, 9, '2023-10-20', '10:35:00', '16:20:00', 4, 0, NULL, NULL, NULL),
(1008, 20, 9, '2023-10-20', '10:35:00', '16:20:00', 4, 0, NULL, NULL, NULL),
(1009, 21, 9, '2023-10-20', '10:35:00', '16:20:00', 0, 4, 'S', NULL, NULL),
(1010, 22, 9, '2023-10-20', '10:35:00', '16:20:00', 4, 0, NULL, NULL, NULL),
(1011, 23, 9, '2023-10-20', '10:35:00', '16:20:00', 4, 0, NULL, NULL, NULL),
(1012, 24, 9, '2023-10-20', '10:35:00', '16:20:00', 4, 0, NULL, NULL, NULL),
(1013, 25, 9, '2023-10-20', '10:35:00', '16:20:00', 0, 4, 'S', NULL, NULL),
(1014, 2, 10, '2023-10-20', '16:20:00', '18:00:00', 2, 0, NULL, NULL, NULL),
(1015, 1, 1, '2023-10-23', '07:00:00', '12:15:00', 6, 0, NULL, NULL, NULL),
(1016, 2, 1, '2023-10-23', '07:00:00', '12:15:00', 6, 0, NULL, NULL, NULL),
(1017, 3, 1, '2023-10-23', '07:00:00', '12:15:00', 6, 0, NULL, NULL, NULL),
(1018, 4, 1, '2023-10-23', '07:00:00', '12:15:00', 6, 0, NULL, NULL, NULL),
(1019, 5, 1, '2023-10-23', '07:00:00', '12:15:00', 6, 0, '', NULL, NULL),
(1020, 6, 1, '2023-10-23', '07:00:00', '12:15:00', 6, 0, NULL, NULL, NULL),
(1021, 7, 1, '2023-10-23', '07:00:00', '12:15:00', 6, 0, NULL, NULL, NULL),
(1022, 8, 1, '2023-10-23', '07:00:00', '12:15:00', 0, 6, 'S', NULL, NULL),
(1023, 9, 1, '2023-10-23', '07:00:00', '12:15:00', 6, 0, NULL, NULL, NULL),
(1024, 10, 1, '2023-10-23', '07:00:00', '12:15:00', 6, 0, NULL, NULL, NULL),
(1025, 11, 1, '2023-10-23', '07:00:00', '12:15:00', 6, 0, NULL, NULL, NULL),
(1026, 12, 1, '2023-10-23', '07:00:00', '12:15:00', 6, 0, NULL, NULL, NULL),
(1027, 13, 1, '2023-10-23', '07:00:00', '12:15:00', 6, 0, NULL, NULL, NULL),
(1028, 14, 1, '2023-10-23', '07:00:00', '12:15:00', 6, 0, NULL, NULL, NULL),
(1029, 15, 1, '2023-10-23', '07:00:00', '12:15:00', 6, 0, NULL, NULL, NULL),
(1030, 16, 1, '2023-10-23', '07:00:00', '12:15:00', 6, 0, NULL, NULL, NULL),
(1031, 17, 1, '2023-10-23', '07:00:00', '12:15:00', 6, 0, NULL, NULL, NULL),
(1032, 18, 1, '2023-10-23', '07:00:00', '12:15:00', 6, 0, NULL, NULL, NULL),
(1033, 19, 1, '2023-10-23', '07:00:00', '12:15:00', 6, 0, NULL, NULL, NULL),
(1034, 20, 1, '2023-10-23', '07:00:00', '12:15:00', 6, 0, NULL, NULL, NULL),
(1035, 21, 1, '2023-10-23', '07:00:00', '12:15:00', 0, 6, 'S', NULL, NULL),
(1036, 22, 1, '2023-10-23', '07:00:00', '12:15:00', 6, 0, NULL, NULL, NULL),
(1037, 23, 1, '2023-10-23', '07:00:00', '12:15:00', 6, 0, NULL, NULL, NULL),
(1038, 24, 1, '2023-10-23', '07:00:00', '12:15:00', 6, 0, NULL, NULL, NULL),
(1039, 25, 1, '2023-10-23', '07:00:00', '12:15:00', 0, 6, 'S', NULL, NULL),
(1040, 26, 1, '2023-10-23', '07:00:00', '12:15:00', 6, 0, NULL, NULL, NULL),
(1041, 1, 2, '2023-10-23', '13:00:00', '18:00:00', 5, 0, NULL, NULL, NULL),
(1042, 2, 2, '2023-10-23', '13:00:00', '18:00:00', 5, 0, NULL, NULL, NULL),
(1043, 3, 2, '2023-10-23', '13:00:00', '18:00:00', 5, 0, NULL, NULL, NULL),
(1044, 4, 2, '2023-10-23', '13:00:00', '18:00:00', 5, 0, NULL, NULL, NULL),
(1045, 5, 2, '2023-10-23', '13:00:00', '18:00:00', 5, 0, '', NULL, NULL),
(1046, 6, 2, '2023-10-23', '13:00:00', '18:00:00', 5, 0, NULL, NULL, NULL),
(1047, 7, 2, '2023-10-23', '13:00:00', '18:00:00', 5, 0, NULL, NULL, NULL),
(1048, 8, 2, '2023-10-23', '13:00:00', '18:00:00', 0, 5, 'S', NULL, NULL),
(1049, 9, 2, '2023-10-23', '13:00:00', '18:00:00', 5, 0, NULL, NULL, NULL),
(1050, 10, 2, '2023-10-23', '13:00:00', '18:00:00', 5, 0, NULL, NULL, NULL),
(1051, 11, 2, '2023-10-23', '13:00:00', '18:00:00', 5, 0, NULL, NULL, NULL),
(1052, 12, 2, '2023-10-23', '13:00:00', '18:00:00', 5, 0, NULL, NULL, NULL),
(1053, 13, 2, '2023-10-23', '13:00:00', '18:00:00', 5, 0, NULL, NULL, NULL),
(1054, 14, 2, '2023-10-23', '13:00:00', '18:00:00', 5, 0, NULL, NULL, NULL),
(1055, 15, 2, '2023-10-23', '13:00:00', '18:00:00', 5, 0, NULL, NULL, NULL),
(1056, 16, 2, '2023-10-23', '13:00:00', '18:00:00', 5, 0, NULL, NULL, NULL),
(1057, 17, 2, '2023-10-23', '13:00:00', '18:00:00', 5, 0, NULL, NULL, NULL),
(1058, 18, 2, '2023-10-23', '13:00:00', '18:00:00', 5, 0, NULL, NULL, NULL),
(1059, 19, 2, '2023-10-23', '13:00:00', '18:00:00', 5, 0, NULL, NULL, NULL),
(1060, 20, 2, '2023-10-23', '13:00:00', '18:00:00', 5, 0, NULL, NULL, NULL),
(1061, 21, 2, '2023-10-23', '13:00:00', '18:00:00', 0, 5, 'S', NULL, NULL),
(1062, 22, 2, '2023-10-23', '13:00:00', '18:00:00', 5, 0, NULL, NULL, NULL),
(1063, 23, 2, '2023-10-23', '13:00:00', '18:00:00', 5, 0, NULL, NULL, NULL),
(1064, 24, 2, '2023-10-23', '13:00:00', '18:00:00', 5, 0, NULL, NULL, NULL),
(1065, 25, 2, '2023-10-23', '13:00:00', '18:00:00', 0, 5, 'S', NULL, NULL),
(1066, 26, 2, '2023-10-23', '13:00:00', '18:00:00', 5, 0, NULL, NULL, NULL),
(1067, 1, 3, '2023-10-24', '07:00:00', '10:35:00', 4, 0, NULL, NULL, NULL),
(1068, 2, 3, '2023-10-24', '07:00:00', '10:35:00', 4, 0, NULL, NULL, NULL),
(1069, 3, 3, '2023-10-24', '07:00:00', '10:35:00', 4, 0, NULL, NULL, NULL),
(1070, 4, 3, '2023-10-24', '07:00:00', '10:35:00', 4, 0, NULL, NULL, NULL),
(1071, 5, 3, '2023-10-24', '07:00:00', '10:35:00', 4, 0, '', NULL, NULL),
(1072, 6, 3, '2023-10-24', '07:00:00', '10:35:00', 4, 0, NULL, NULL, NULL),
(1073, 7, 3, '2023-10-24', '07:00:00', '10:35:00', 4, 0, NULL, NULL, NULL),
(1074, 8, 3, '2023-10-24', '07:00:00', '10:35:00', 0, 4, 'S', NULL, NULL),
(1075, 9, 3, '2023-10-24', '07:00:00', '10:35:00', 4, 0, NULL, NULL, NULL),
(1076, 10, 3, '2023-10-24', '07:00:00', '10:35:00', 4, 0, NULL, NULL, NULL),
(1077, 11, 3, '2023-10-24', '07:00:00', '10:35:00', 4, 0, NULL, NULL, NULL),
(1078, 12, 3, '2023-10-24', '07:00:00', '10:35:00', 4, 0, NULL, NULL, NULL),
(1079, 13, 3, '2023-10-24', '07:00:00', '10:35:00', 4, 0, NULL, NULL, NULL),
(1080, 14, 3, '2023-10-24', '07:00:00', '10:35:00', 4, 0, NULL, NULL, NULL),
(1081, 15, 3, '2023-10-24', '07:00:00', '10:35:00', 4, 0, NULL, NULL, NULL),
(1082, 16, 3, '2023-10-24', '07:00:00', '10:35:00', 4, 0, NULL, NULL, NULL),
(1083, 17, 3, '2023-10-24', '07:00:00', '10:35:00', 4, 0, NULL, NULL, NULL),
(1084, 18, 3, '2023-10-24', '07:00:00', '10:35:00', 4, 0, NULL, NULL, NULL),
(1085, 19, 3, '2023-10-24', '07:00:00', '10:35:00', 4, 0, NULL, NULL, NULL),
(1086, 20, 3, '2023-10-24', '07:00:00', '10:35:00', 4, 0, NULL, NULL, NULL),
(1087, 21, 3, '2023-10-24', '07:00:00', '10:35:00', 0, 4, 'S', NULL, NULL),
(1088, 22, 3, '2023-10-24', '07:00:00', '10:35:00', 4, 0, NULL, NULL, NULL),
(1089, 23, 3, '2023-10-24', '07:00:00', '10:35:00', 4, 0, NULL, NULL, NULL),
(1090, 24, 3, '2023-10-24', '07:00:00', '10:35:00', 4, 0, NULL, NULL, NULL),
(1091, 25, 3, '2023-10-24', '07:00:00', '10:35:00', 0, 4, 'S', NULL, NULL),
(1092, 26, 3, '2023-10-24', '07:00:00', '10:35:00', 4, 0, NULL, NULL, NULL),
(1093, 1, 4, '2023-10-24', '10:35:00', '18:00:00', 7, 0, NULL, NULL, NULL),
(1094, 2, 4, '2023-10-24', '10:35:00', '18:00:00', 7, 0, NULL, NULL, NULL),
(1095, 3, 4, '2023-10-24', '10:35:00', '18:00:00', 7, 0, NULL, NULL, NULL),
(1096, 4, 4, '2023-10-24', '10:35:00', '18:00:00', 7, 0, NULL, NULL, NULL),
(1097, 5, 4, '2023-10-24', '10:35:00', '18:00:00', 7, 0, '', NULL, NULL),
(1098, 6, 4, '2023-10-24', '10:35:00', '18:00:00', 7, 0, NULL, NULL, NULL),
(1099, 7, 4, '2023-10-24', '10:35:00', '18:00:00', 7, 0, NULL, NULL, NULL),
(1100, 8, 4, '2023-10-24', '10:35:00', '18:00:00', 0, 7, 'S', NULL, NULL),
(1101, 9, 4, '2023-10-24', '10:35:00', '18:00:00', 7, 0, NULL, NULL, NULL),
(1102, 10, 4, '2023-10-24', '10:35:00', '18:00:00', 7, 0, NULL, NULL, NULL),
(1103, 11, 4, '2023-10-24', '10:35:00', '18:00:00', 7, 0, NULL, NULL, NULL),
(1104, 12, 4, '2023-10-24', '10:35:00', '18:00:00', 7, 0, NULL, NULL, NULL),
(1105, 13, 4, '2023-10-24', '10:35:00', '18:00:00', 7, 0, NULL, NULL, NULL),
(1106, 14, 4, '2023-10-24', '10:35:00', '18:00:00', 7, 0, NULL, NULL, NULL),
(1107, 15, 4, '2023-10-24', '10:35:00', '18:00:00', 7, 0, NULL, NULL, NULL),
(1108, 16, 4, '2023-10-24', '10:35:00', '18:00:00', 7, 0, NULL, NULL, NULL),
(1109, 17, 4, '2023-10-24', '10:35:00', '18:00:00', 7, 0, NULL, NULL, NULL),
(1110, 18, 4, '2023-10-24', '10:35:00', '18:00:00', 7, 0, NULL, NULL, NULL),
(1111, 19, 4, '2023-10-24', '10:35:00', '18:00:00', 7, 0, NULL, NULL, NULL),
(1112, 20, 4, '2023-10-24', '10:35:00', '18:00:00', 7, 0, NULL, NULL, NULL),
(1113, 21, 4, '2023-10-24', '10:35:00', '18:00:00', 0, 7, 'S', NULL, NULL),
(1114, 22, 4, '2023-10-24', '10:35:00', '18:00:00', 7, 0, NULL, NULL, NULL),
(1115, 23, 4, '2023-10-24', '10:35:00', '18:00:00', 7, 0, NULL, NULL, NULL),
(1116, 24, 4, '2023-10-24', '10:35:00', '18:00:00', 7, 0, NULL, NULL, NULL),
(1117, 25, 4, '2023-10-24', '10:35:00', '18:00:00', 0, 7, 'S', NULL, NULL),
(1118, 26, 4, '2023-10-24', '10:35:00', '18:00:00', 7, 0, NULL, NULL, NULL),
(1119, 1, 5, '2023-10-25', '07:00:00', '10:35:00', 4, 0, NULL, NULL, NULL),
(1120, 2, 5, '2023-10-25', '07:00:00', '10:35:00', 4, 0, NULL, NULL, NULL),
(1121, 3, 5, '2023-10-25', '07:00:00', '10:35:00', 4, 0, NULL, NULL, NULL),
(1122, 4, 5, '2023-10-25', '07:00:00', '10:35:00', 4, 0, NULL, NULL, NULL),
(1123, 5, 5, '2023-10-25', '07:00:00', '10:35:00', 4, 0, '', NULL, NULL),
(1124, 6, 5, '2023-10-25', '07:00:00', '10:35:00', 4, 0, NULL, NULL, NULL),
(1125, 7, 5, '2023-10-25', '07:00:00', '10:35:00', 4, 0, NULL, NULL, NULL),
(1126, 8, 5, '2023-10-25', '07:00:00', '10:35:00', 0, 4, 'S', NULL, NULL),
(1127, 9, 5, '2023-10-25', '07:00:00', '10:35:00', 4, 0, NULL, NULL, NULL),
(1128, 10, 5, '2023-10-25', '07:00:00', '10:35:00', 4, 0, NULL, NULL, NULL),
(1129, 11, 5, '2023-10-25', '07:00:00', '10:35:00', 4, 0, NULL, NULL, NULL),
(1130, 12, 5, '2023-10-25', '07:00:00', '10:35:00', 4, 0, NULL, NULL, NULL),
(1131, 13, 5, '2023-10-25', '07:00:00', '10:35:00', 4, 0, NULL, NULL, NULL),
(1132, 14, 5, '2023-10-25', '07:00:00', '10:35:00', 4, 0, NULL, NULL, NULL),
(1133, 15, 5, '2023-10-25', '07:00:00', '10:35:00', 4, 0, NULL, NULL, NULL),
(1134, 16, 5, '2023-10-25', '07:00:00', '10:35:00', 4, 0, NULL, NULL, NULL),
(1135, 17, 5, '2023-10-25', '07:00:00', '10:35:00', 4, 0, NULL, NULL, NULL),
(1136, 18, 5, '2023-10-25', '07:00:00', '10:35:00', 4, 0, NULL, NULL, NULL),
(1137, 19, 5, '2023-10-25', '07:00:00', '10:35:00', 4, 0, NULL, NULL, NULL),
(1138, 20, 5, '2023-10-25', '07:00:00', '10:35:00', 4, 0, NULL, NULL, NULL),
(1139, 21, 5, '2023-10-25', '07:00:00', '10:35:00', 0, 4, 'S', NULL, NULL),
(1140, 22, 5, '2023-10-25', '07:00:00', '10:35:00', 4, 0, NULL, NULL, NULL),
(1141, 23, 5, '2023-10-25', '07:00:00', '10:35:00', 4, 0, NULL, NULL, NULL),
(1142, 24, 5, '2023-10-25', '07:00:00', '10:35:00', 4, 0, NULL, NULL, NULL),
(1143, 25, 5, '2023-10-25', '07:00:00', '10:35:00', 0, 4, 'S', NULL, NULL),
(1144, 26, 5, '2023-10-25', '07:00:00', '10:35:00', 4, 0, NULL, NULL, NULL),
(1145, 1, 6, '2023-10-25', '10:35:00', '18:00:00', 7, 0, NULL, NULL, NULL),
(1146, 2, 6, '2023-10-25', '10:35:00', '18:00:00', 7, 0, NULL, NULL, NULL),
(1147, 3, 6, '2023-10-25', '10:35:00', '18:00:00', 7, 0, NULL, NULL, NULL),
(1148, 4, 6, '2023-10-25', '10:35:00', '18:00:00', 7, 0, NULL, NULL, NULL),
(1149, 5, 6, '2023-10-25', '10:35:00', '18:00:00', 7, 0, '', NULL, NULL),
(1150, 6, 6, '2023-10-25', '10:35:00', '18:00:00', 7, 0, NULL, NULL, NULL),
(1151, 7, 6, '2023-10-25', '10:35:00', '18:00:00', 7, 0, NULL, NULL, NULL),
(1152, 8, 6, '2023-10-25', '10:35:00', '18:00:00', 0, 7, 'S', NULL, NULL),
(1153, 9, 6, '2023-10-25', '10:35:00', '18:00:00', 7, 0, NULL, NULL, NULL),
(1154, 10, 6, '2023-10-25', '10:35:00', '18:00:00', 7, 0, NULL, NULL, NULL),
(1155, 11, 6, '2023-10-25', '10:35:00', '18:00:00', 7, 0, NULL, NULL, NULL),
(1156, 12, 6, '2023-10-25', '10:35:00', '18:00:00', 7, 0, NULL, NULL, NULL),
(1157, 13, 6, '2023-10-25', '10:35:00', '18:00:00', 7, 0, NULL, NULL, NULL),
(1158, 14, 6, '2023-10-25', '10:35:00', '18:00:00', 7, 0, NULL, NULL, NULL),
(1159, 15, 6, '2023-10-25', '10:35:00', '18:00:00', 7, 0, NULL, NULL, NULL),
(1160, 16, 6, '2023-10-25', '10:35:00', '18:00:00', 7, 0, NULL, NULL, NULL),
(1161, 17, 6, '2023-10-25', '10:35:00', '18:00:00', 7, 0, NULL, NULL, NULL),
(1162, 18, 6, '2023-10-25', '10:35:00', '18:00:00', 7, 0, NULL, NULL, NULL),
(1163, 19, 6, '2023-10-25', '10:35:00', '18:00:00', 7, 0, NULL, NULL, NULL),
(1164, 20, 6, '2023-10-25', '10:35:00', '18:00:00', 7, 0, NULL, NULL, NULL),
(1165, 21, 6, '2023-10-25', '10:35:00', '18:00:00', 0, 7, 'S', NULL, NULL),
(1166, 22, 6, '2023-10-25', '10:35:00', '18:00:00', 7, 0, NULL, NULL, NULL),
(1167, 23, 6, '2023-10-25', '10:35:00', '18:00:00', 7, 0, NULL, NULL, NULL),
(1168, 24, 6, '2023-10-25', '10:35:00', '18:00:00', 7, 0, NULL, NULL, NULL),
(1169, 25, 6, '2023-10-25', '10:35:00', '18:00:00', 0, 7, 'S', NULL, NULL),
(1170, 26, 6, '2023-10-25', '10:35:00', '18:00:00', 7, 0, NULL, NULL, NULL),
(1171, 1, 7, '2023-10-26', '07:00:00', '14:40:00', 8, 0, NULL, NULL, NULL),
(1172, 2, 7, '2023-10-26', '07:00:00', '14:40:00', 8, 0, NULL, NULL, NULL),
(1173, 3, 7, '2023-10-26', '07:00:00', '14:40:00', 8, 0, NULL, NULL, NULL),
(1174, 4, 7, '2023-10-26', '07:00:00', '14:40:00', 8, 0, NULL, NULL, NULL),
(1175, 5, 7, '2023-10-26', '07:00:00', '14:40:00', 8, 0, '', NULL, NULL),
(1176, 6, 7, '2023-10-26', '07:00:00', '14:40:00', 8, 0, NULL, NULL, NULL),
(1177, 7, 7, '2023-10-26', '07:00:00', '14:40:00', 8, 0, NULL, NULL, NULL),
(1178, 8, 7, '2023-10-26', '07:00:00', '14:40:00', 0, 8, 'S', NULL, NULL),
(1179, 9, 7, '2023-10-26', '07:00:00', '14:40:00', 8, 0, NULL, NULL, NULL),
(1180, 10, 7, '2023-10-26', '07:00:00', '14:40:00', 8, 0, NULL, NULL, NULL),
(1181, 11, 7, '2023-10-26', '07:00:00', '14:40:00', 8, 0, NULL, NULL, NULL),
(1182, 12, 7, '2023-10-26', '07:00:00', '14:40:00', 8, 0, NULL, NULL, NULL),
(1183, 13, 7, '2023-10-26', '07:00:00', '14:40:00', 8, 0, NULL, NULL, NULL),
(1184, 14, 7, '2023-10-26', '07:00:00', '14:40:00', 8, 0, NULL, NULL, NULL),
(1185, 15, 7, '2023-10-26', '07:00:00', '14:40:00', 8, 0, NULL, NULL, NULL),
(1186, 16, 7, '2023-10-26', '07:00:00', '14:40:00', 8, 0, NULL, NULL, NULL),
(1187, 17, 7, '2023-10-26', '07:00:00', '14:40:00', 8, 0, NULL, NULL, NULL),
(1188, 18, 7, '2023-10-26', '07:00:00', '14:40:00', 8, 0, NULL, NULL, NULL),
(1189, 19, 7, '2023-10-26', '07:00:00', '14:40:00', 8, 0, NULL, NULL, NULL),
(1190, 20, 7, '2023-10-26', '07:00:00', '14:40:00', 8, 0, NULL, NULL, NULL),
(1191, 21, 7, '2023-10-26', '07:00:00', '14:40:00', 0, 8, 'S', NULL, NULL),
(1192, 22, 7, '2023-10-26', '07:00:00', '14:40:00', 8, 0, NULL, NULL, NULL),
(1193, 23, 7, '2023-10-26', '07:00:00', '14:40:00', 8, 0, NULL, NULL, NULL),
(1194, 24, 7, '2023-10-26', '07:00:00', '14:40:00', 8, 0, NULL, NULL, NULL),
(1195, 25, 7, '2023-10-26', '07:00:00', '14:40:00', 0, 8, 'S', NULL, NULL),
(1196, 26, 7, '2023-10-26', '07:00:00', '14:40:00', 8, 0, NULL, NULL, NULL),
(1197, 1, 8, '2023-10-27', '07:00:00', '10:35:00', 4, 0, NULL, NULL, NULL),
(1198, 2, 8, '2023-10-27', '07:00:00', '10:35:00', 4, 0, NULL, NULL, NULL),
(1199, 3, 8, '2023-10-27', '07:00:00', '10:35:00', 4, 0, NULL, NULL, NULL),
(1200, 4, 8, '2023-10-27', '07:00:00', '10:35:00', 4, 0, NULL, NULL, NULL),
(1201, 5, 8, '2023-10-27', '07:00:00', '10:35:00', 4, 0, '', NULL, NULL),
(1202, 6, 8, '2023-10-27', '07:00:00', '10:35:00', 4, 0, NULL, NULL, NULL),
(1203, 7, 8, '2023-10-27', '07:00:00', '10:35:00', 4, 0, NULL, NULL, NULL),
(1204, 8, 8, '2023-10-27', '07:00:00', '10:35:00', 0, 4, 'S', NULL, NULL),
(1205, 9, 8, '2023-10-27', '07:00:00', '10:35:00', 4, 0, NULL, NULL, NULL),
(1206, 10, 8, '2023-10-27', '07:00:00', '10:35:00', 4, 0, NULL, NULL, NULL),
(1207, 11, 8, '2023-10-27', '07:00:00', '10:35:00', 4, 0, NULL, NULL, NULL),
(1208, 12, 8, '2023-10-27', '07:00:00', '10:35:00', 4, 0, NULL, NULL, NULL),
(1209, 13, 8, '2023-10-27', '07:00:00', '10:35:00', 4, 0, NULL, NULL, NULL),
(1210, 14, 8, '2023-10-27', '07:00:00', '10:35:00', 4, 0, NULL, NULL, NULL),
(1211, 15, 8, '2023-10-27', '07:00:00', '10:35:00', 4, 0, NULL, NULL, NULL),
(1212, 16, 8, '2023-10-27', '07:00:00', '10:35:00', 4, 0, NULL, NULL, NULL),
(1213, 17, 8, '2023-10-27', '07:00:00', '10:35:00', 4, 0, NULL, NULL, NULL),
(1214, 18, 8, '2023-10-27', '07:00:00', '10:35:00', 4, 0, NULL, NULL, NULL),
(1215, 19, 8, '2023-10-27', '07:00:00', '10:35:00', 4, 0, NULL, NULL, NULL),
(1216, 20, 8, '2023-10-27', '07:00:00', '10:35:00', 4, 0, NULL, NULL, NULL),
(1217, 21, 8, '2023-10-27', '07:00:00', '10:35:00', 0, 4, 'S', NULL, NULL),
(1218, 22, 8, '2023-10-27', '07:00:00', '10:35:00', 4, 0, NULL, NULL, NULL),
(1219, 23, 8, '2023-10-27', '07:00:00', '10:35:00', 4, 0, NULL, NULL, NULL),
(1220, 24, 8, '2023-10-27', '07:00:00', '10:35:00', 4, 0, NULL, NULL, NULL),
(1221, 25, 8, '2023-10-27', '07:00:00', '10:35:00', 0, 4, 'S', NULL, NULL),
(1222, 26, 8, '2023-10-27', '07:00:00', '10:35:00', 4, 0, NULL, NULL, NULL),
(1223, 1, 9, '2023-10-27', '10:35:00', '16:20:00', 4, 0, NULL, NULL, NULL),
(1224, 2, 9, '2023-10-27', '10:35:00', '16:20:00', 4, 0, NULL, NULL, NULL),
(1225, 3, 9, '2023-10-27', '10:35:00', '16:20:00', 4, 0, NULL, NULL, NULL),
(1226, 4, 9, '2023-10-27', '10:35:00', '16:20:00', -6, 2, 'A', NULL, NULL),
(1227, 5, 9, '2023-10-27', '10:35:00', '16:20:00', 4, 0, '', NULL, NULL),
(1228, 6, 9, '2023-10-27', '10:35:00', '16:20:00', 4, 0, NULL, NULL, NULL),
(1229, 7, 9, '2023-10-27', '10:35:00', '16:20:00', 4, 0, NULL, NULL, NULL),
(1230, 8, 9, '2023-10-27', '10:35:00', '16:20:00', 0, 4, 'S', NULL, NULL),
(1231, 9, 9, '2023-10-27', '10:35:00', '16:20:00', 4, 0, NULL, NULL, NULL),
(1232, 10, 9, '2023-10-27', '10:35:00', '16:20:00', 4, 0, NULL, NULL, NULL),
(1233, 11, 9, '2023-10-27', '10:35:00', '16:20:00', 4, 0, NULL, NULL, NULL),
(1234, 12, 9, '2023-10-27', '10:35:00', '16:20:00', 4, 0, NULL, NULL, NULL),
(1235, 13, 9, '2023-10-27', '10:35:00', '16:20:00', 4, 0, NULL, NULL, NULL),
(1236, 14, 9, '2023-10-27', '10:35:00', '16:20:00', 4, 0, NULL, NULL, NULL),
(1237, 15, 9, '2023-10-27', '10:35:00', '16:20:00', 4, 0, NULL, NULL, NULL),
(1238, 16, 9, '2023-10-27', '10:35:00', '16:20:00', 4, 0, NULL, NULL, NULL),
(1239, 17, 9, '2023-10-27', '10:35:00', '16:20:00', 4, 0, NULL, NULL, NULL),
(1240, 18, 9, '2023-10-27', '10:35:00', '16:20:00', 4, 0, NULL, NULL, NULL),
(1241, 19, 9, '2023-10-27', '10:35:00', '16:20:00', 4, 0, NULL, NULL, NULL),
(1242, 20, 9, '2023-10-27', '10:35:00', '16:20:00', 4, 0, NULL, NULL, NULL),
(1243, 21, 9, '2023-10-27', '10:35:00', '16:20:00', 0, 4, 'S', NULL, NULL),
(1244, 22, 9, '2023-10-27', '10:35:00', '16:20:00', 4, 0, NULL, NULL, NULL),
(1245, 23, 9, '2023-10-27', '10:35:00', '16:20:00', 4, 0, NULL, NULL, NULL),
(1246, 24, 9, '2023-10-27', '10:35:00', '16:20:00', 4, 0, NULL, NULL, NULL),
(1247, 25, 9, '2023-10-27', '10:35:00', '16:20:00', 0, 4, 'S', NULL, NULL),
(1248, 26, 9, '2023-10-27', '10:35:00', '16:20:00', 4, 0, NULL, NULL, NULL),
(1249, 1, 10, '2023-10-27', '16:20:00', '18:00:00', 2, 0, NULL, NULL, NULL),
(1250, 2, 10, '2023-10-27', '16:20:00', '18:00:00', 2, 0, NULL, NULL, NULL),
(1251, 3, 10, '2023-10-27', '16:20:00', '18:00:00', 2, 0, NULL, NULL, NULL),
(1252, 4, 10, '2023-10-27', '16:20:00', '18:00:00', 2, 0, NULL, NULL, NULL),
(1253, 5, 10, '2023-10-27', '16:20:00', '18:00:00', 2, 0, '', NULL, NULL),
(1254, 6, 10, '2023-10-27', '16:20:00', '18:00:00', 2, 0, NULL, NULL, NULL),
(1255, 7, 10, '2023-10-27', '16:20:00', '18:00:00', 2, 0, NULL, NULL, NULL),
(1256, 8, 10, '2023-10-27', '16:20:00', '18:00:00', 2, 6, 'S', NULL, NULL),
(1257, 9, 10, '2023-10-27', '16:20:00', '18:00:00', 2, 0, NULL, NULL, NULL),
(1258, 10, 10, '2023-10-27', '16:20:00', '18:00:00', 2, 0, NULL, NULL, NULL),
(1259, 11, 10, '2023-10-27', '16:20:00', '18:00:00', 2, 0, NULL, NULL, NULL),
(1260, 12, 10, '2023-10-27', '16:20:00', '18:00:00', 2, 0, NULL, NULL, NULL),
(1261, 13, 10, '2023-10-27', '16:20:00', '18:00:00', 2, 0, NULL, NULL, NULL),
(1262, 14, 10, '2023-10-27', '16:20:00', '18:00:00', 2, 0, NULL, NULL, NULL),
(1263, 15, 10, '2023-10-27', '16:20:00', '18:00:00', 2, 0, NULL, NULL, NULL),
(1264, 16, 10, '2023-10-27', '16:20:00', '18:00:00', 2, 0, NULL, NULL, NULL),
(1265, 17, 10, '2023-10-27', '16:20:00', '18:00:00', 2, 0, NULL, NULL, NULL),
(1266, 18, 10, '2023-10-27', '16:20:00', '18:00:00', 2, 0, NULL, NULL, NULL),
(1267, 19, 10, '2023-10-27', '16:20:00', '18:00:00', 2, 0, NULL, NULL, NULL),
(1268, 20, 10, '2023-10-27', '16:20:00', '18:00:00', 2, 0, NULL, NULL, NULL),
(1269, 21, 10, '2023-10-27', '16:20:00', '18:00:00', 2, 6, 'S', NULL, NULL),
(1270, 22, 10, '2023-10-27', '16:20:00', '18:00:00', 2, 0, NULL, NULL, NULL),
(1271, 23, 10, '2023-10-27', '16:20:00', '18:00:00', 2, 0, NULL, NULL, NULL),
(1272, 24, 10, '2023-10-27', '16:20:00', '18:00:00', 2, 0, NULL, NULL, NULL),
(1273, 25, 10, '2023-10-27', '16:20:00', '18:00:00', 2, 6, 'S', NULL, NULL),
(1274, 26, 10, '2023-10-27', '16:20:00', '18:00:00', 2, 0, NULL, NULL, NULL),
(1275, 1, 1, '2023-10-30', '07:00:00', '12:15:00', 6, 0, NULL, NULL, NULL),
(1276, 2, 1, '2023-10-30', '07:00:00', '12:15:00', 6, 0, NULL, NULL, NULL),
(1277, 3, 1, '2023-10-30', '07:00:00', '12:15:00', 6, 0, NULL, NULL, NULL),
(1278, 4, 1, '2023-10-30', '07:00:00', '12:15:00', 6, 0, NULL, NULL, NULL),
(1279, 5, 1, '2023-10-30', '07:00:00', '12:15:00', 6, 0, '', NULL, NULL),
(1280, 6, 1, '2023-10-30', '07:00:00', '12:15:00', 6, 0, NULL, NULL, NULL),
(1281, 7, 1, '2023-10-30', '07:00:00', '12:15:00', 6, 0, NULL, NULL, NULL),
(1282, 8, 1, '2023-10-30', '07:00:00', '12:15:00', 0, 6, 'S', NULL, NULL),
(1283, 9, 1, '2023-10-30', '07:00:00', '12:15:00', 6, 0, NULL, NULL, NULL),
(1284, 10, 1, '2023-10-30', '07:00:00', '12:15:00', 6, 0, NULL, NULL, NULL),
(1285, 11, 1, '2023-10-30', '07:00:00', '12:15:00', 6, 0, NULL, NULL, NULL),
(1286, 12, 1, '2023-10-30', '07:00:00', '12:15:00', 6, 0, NULL, NULL, NULL),
(1287, 13, 1, '2023-10-30', '07:00:00', '12:15:00', 6, 0, NULL, NULL, NULL),
(1288, 14, 1, '2023-10-30', '07:00:00', '12:15:00', 6, 0, NULL, NULL, NULL),
(1289, 15, 1, '2023-10-30', '07:00:00', '12:15:00', 6, 0, NULL, NULL, NULL),
(1290, 16, 1, '2023-10-30', '07:00:00', '12:15:00', 6, 0, NULL, NULL, NULL),
(1291, 17, 1, '2023-10-30', '07:00:00', '12:15:00', 6, 0, NULL, NULL, NULL),
(1292, 18, 1, '2023-10-30', '07:00:00', '12:15:00', 6, 0, NULL, NULL, NULL),
(1293, 19, 1, '2023-10-30', '07:00:00', '12:15:00', 6, 0, NULL, NULL, NULL),
(1294, 20, 1, '2023-10-30', '07:00:00', '12:15:00', 6, 0, NULL, NULL, NULL),
(1295, 21, 1, '2023-10-30', '07:00:00', '12:15:00', 0, 6, 'S', NULL, NULL),
(1296, 22, 1, '2023-10-30', '07:00:00', '12:15:00', 6, 0, NULL, NULL, NULL),
(1297, 23, 1, '2023-10-30', '07:00:00', '12:15:00', 6, 0, NULL, NULL, NULL),
(1298, 24, 1, '2023-10-30', '07:00:00', '12:15:00', 6, 0, NULL, NULL, NULL),
(1299, 25, 1, '2023-10-30', '07:00:00', '12:15:00', 0, 6, 'S', NULL, NULL),
(1300, 26, 1, '2023-10-30', '07:00:00', '12:15:00', 6, 0, NULL, NULL, NULL),
(1301, 1, 2, '2023-10-30', '13:00:00', '18:00:00', 5, 0, NULL, NULL, NULL),
(1302, 2, 2, '2023-10-30', '13:00:00', '18:00:00', 5, 0, NULL, NULL, NULL),
(1303, 3, 2, '2023-10-30', '13:00:00', '18:00:00', 5, 0, NULL, NULL, NULL),
(1304, 4, 2, '2023-10-30', '13:00:00', '18:00:00', 5, 0, NULL, NULL, NULL),
(1305, 5, 2, '2023-10-30', '13:00:00', '18:00:00', 5, 0, '', NULL, NULL),
(1306, 6, 2, '2023-10-30', '13:00:00', '18:00:00', 5, 0, NULL, NULL, NULL),
(1307, 7, 2, '2023-10-30', '13:00:00', '18:00:00', 5, 0, NULL, NULL, NULL),
(1308, 8, 2, '2023-10-30', '13:00:00', '18:00:00', 0, 5, 'S', NULL, NULL),
(1309, 9, 2, '2023-10-30', '13:00:00', '18:00:00', 5, 0, NULL, NULL, NULL),
(1310, 10, 2, '2023-10-30', '13:00:00', '18:00:00', 5, 0, NULL, NULL, NULL),
(1311, 11, 2, '2023-10-30', '13:00:00', '18:00:00', 5, 0, NULL, NULL, NULL),
(1312, 12, 2, '2023-10-30', '13:00:00', '18:00:00', 5, 0, NULL, NULL, NULL),
(1313, 13, 2, '2023-10-30', '13:00:00', '18:00:00', 5, 0, NULL, NULL, NULL),
(1314, 14, 2, '2023-10-30', '13:00:00', '18:00:00', 5, 0, NULL, NULL, NULL),
(1315, 15, 2, '2023-10-30', '13:00:00', '18:00:00', 5, 0, NULL, NULL, NULL),
(1316, 16, 2, '2023-10-30', '13:00:00', '18:00:00', 5, 0, NULL, NULL, NULL),
(1317, 17, 2, '2023-10-30', '13:00:00', '18:00:00', 5, 0, NULL, NULL, NULL),
(1318, 18, 2, '2023-10-30', '13:00:00', '18:00:00', 5, 0, NULL, NULL, NULL),
(1319, 19, 2, '2023-10-30', '13:00:00', '18:00:00', 5, 0, NULL, NULL, NULL),
(1320, 20, 2, '2023-10-30', '13:00:00', '18:00:00', 5, 0, NULL, NULL, NULL),
(1321, 21, 2, '2023-10-30', '13:00:00', '18:00:00', 0, 5, 'S', NULL, NULL),
(1322, 22, 2, '2023-10-30', '13:00:00', '18:00:00', 5, 0, NULL, NULL, NULL),
(1323, 23, 2, '2023-10-30', '13:00:00', '18:00:00', 5, 0, NULL, NULL, NULL),
(1324, 24, 2, '2023-10-30', '13:00:00', '18:00:00', 5, 0, NULL, NULL, NULL),
(1325, 25, 2, '2023-10-30', '13:00:00', '18:00:00', 0, 5, 'S', NULL, NULL),
(1326, 26, 2, '2023-10-30', '13:00:00', '18:00:00', 5, 0, NULL, NULL, NULL),
(1327, 1, 3, '2023-10-31', '07:00:00', '10:35:00', 4, 0, NULL, NULL, NULL),
(1328, 2, 3, '2023-10-31', '07:00:00', '10:35:00', 4, 0, NULL, NULL, NULL),
(1329, 3, 3, '2023-10-31', '07:00:00', '10:35:00', 4, 0, NULL, NULL, NULL),
(1330, 4, 3, '2023-10-31', '07:00:00', '10:35:00', 4, 0, NULL, NULL, NULL),
(1331, 5, 3, '2023-10-31', '07:00:00', '10:35:00', 4, 0, '', NULL, NULL),
(1332, 6, 3, '2023-10-31', '07:00:00', '10:35:00', 4, 0, NULL, NULL, NULL),
(1333, 7, 3, '2023-10-31', '07:00:00', '10:35:00', 4, 0, NULL, NULL, NULL),
(1334, 8, 3, '2023-10-31', '07:00:00', '10:35:00', 0, 4, 'S', NULL, NULL),
(1335, 9, 3, '2023-10-31', '07:00:00', '10:35:00', 4, 0, NULL, NULL, NULL),
(1336, 10, 3, '2023-10-31', '07:00:00', '10:35:00', 4, 0, NULL, NULL, NULL),
(1337, 11, 3, '2023-10-31', '07:00:00', '10:35:00', 4, 0, NULL, NULL, NULL),
(1338, 12, 3, '2023-10-31', '07:00:00', '10:35:00', 4, 0, NULL, NULL, NULL),
(1339, 13, 3, '2023-10-31', '07:00:00', '10:35:00', 4, 0, NULL, NULL, NULL),
(1340, 14, 3, '2023-10-31', '07:00:00', '10:35:00', 4, 0, NULL, NULL, NULL),
(1341, 15, 3, '2023-10-31', '07:00:00', '10:35:00', 4, 0, NULL, NULL, NULL),
(1342, 16, 3, '2023-10-31', '07:00:00', '10:35:00', 4, 0, NULL, NULL, NULL),
(1343, 17, 3, '2023-10-31', '07:00:00', '10:35:00', 4, 0, NULL, NULL, NULL),
(1344, 18, 3, '2023-10-31', '07:00:00', '10:35:00', 4, 0, NULL, NULL, NULL),
(1345, 19, 3, '2023-10-31', '07:00:00', '10:35:00', 4, 0, NULL, NULL, NULL),
(1346, 20, 3, '2023-10-31', '07:00:00', '10:35:00', 4, 0, NULL, NULL, NULL),
(1347, 21, 3, '2023-10-31', '07:00:00', '10:35:00', 0, 4, 'S', NULL, NULL),
(1348, 22, 3, '2023-10-31', '07:00:00', '10:35:00', 4, 0, NULL, NULL, NULL),
(1349, 23, 3, '2023-10-31', '07:00:00', '10:35:00', 4, 0, NULL, NULL, NULL),
(1350, 24, 3, '2023-10-31', '07:00:00', '10:35:00', 4, 0, NULL, NULL, NULL),
(1351, 25, 3, '2023-10-31', '07:00:00', '10:35:00', 0, 4, 'S', NULL, NULL);
INSERT INTO `presensis` (`id_presensi`, `id_mhs`, `id_tahun_ajar`, `tgl`, `start_kls`, `finish_kls`, `kehadiran`, `ketidakhadiran`, `status`, `created_at`, `updated_at`) VALUES
(1352, 26, 3, '2023-10-31', '07:00:00', '10:35:00', 4, 0, NULL, NULL, NULL),
(1353, 1, 4, '2023-10-31', '10:35:00', '18:00:00', 7, 0, NULL, NULL, NULL),
(1354, 2, 4, '2023-10-31', '10:35:00', '18:00:00', 7, 0, NULL, NULL, NULL),
(1355, 3, 4, '2023-10-31', '10:35:00', '18:00:00', 7, 0, NULL, NULL, NULL),
(1356, 4, 4, '2023-10-31', '10:35:00', '18:00:00', 7, 0, NULL, NULL, NULL),
(1357, 5, 4, '2023-10-31', '10:35:00', '18:00:00', 7, 0, '', NULL, NULL),
(1358, 6, 4, '2023-10-31', '10:35:00', '18:00:00', 7, 0, NULL, NULL, NULL),
(1359, 7, 4, '2023-10-31', '10:35:00', '18:00:00', 7, 0, NULL, NULL, NULL),
(1360, 8, 4, '2023-10-31', '10:35:00', '18:00:00', 0, 7, 'S', NULL, NULL),
(1361, 9, 4, '2023-10-31', '10:35:00', '18:00:00', 7, 0, NULL, NULL, NULL),
(1362, 10, 4, '2023-10-31', '10:35:00', '18:00:00', 7, 0, NULL, NULL, NULL),
(1363, 11, 4, '2023-10-31', '10:35:00', '18:00:00', 7, 0, NULL, NULL, NULL),
(1364, 12, 4, '2023-10-31', '10:35:00', '18:00:00', 7, 0, NULL, NULL, NULL),
(1365, 13, 4, '2023-10-31', '10:35:00', '18:00:00', 7, 0, NULL, NULL, NULL),
(1366, 14, 4, '2023-10-31', '10:35:00', '18:00:00', 7, 0, NULL, NULL, NULL),
(1367, 15, 4, '2023-10-31', '10:35:00', '18:00:00', 7, 0, NULL, NULL, NULL),
(1368, 16, 4, '2023-10-31', '10:35:00', '18:00:00', 7, 0, NULL, NULL, NULL),
(1369, 17, 4, '2023-10-31', '10:35:00', '18:00:00', 7, 0, NULL, NULL, NULL),
(1370, 18, 4, '2023-10-31', '10:35:00', '18:00:00', 7, 0, NULL, NULL, NULL),
(1371, 19, 4, '2023-10-31', '10:35:00', '18:00:00', 7, 0, NULL, NULL, NULL),
(1372, 20, 4, '2023-10-31', '10:35:00', '18:00:00', 7, 0, NULL, NULL, NULL),
(1373, 21, 4, '2023-10-31', '10:35:00', '18:00:00', 0, 7, 'S', NULL, NULL),
(1374, 22, 4, '2023-10-31', '10:35:00', '18:00:00', 7, 0, NULL, NULL, NULL),
(1375, 23, 4, '2023-10-31', '10:35:00', '18:00:00', 7, 0, NULL, NULL, NULL),
(1376, 24, 4, '2023-10-31', '10:35:00', '18:00:00', 7, 0, NULL, NULL, NULL),
(1377, 25, 4, '2023-10-31', '10:35:00', '18:00:00', 0, 7, 'S', NULL, NULL),
(1378, 26, 4, '2023-10-31', '10:35:00', '18:00:00', 7, 0, NULL, NULL, NULL),
(1379, 1, 5, '2023-11-01', '07:00:00', '10:35:00', 4, 0, NULL, NULL, NULL),
(1380, 2, 5, '2023-11-01', '07:00:00', '10:35:00', 4, 0, NULL, NULL, NULL),
(1381, 3, 5, '2023-11-01', '07:00:00', '10:35:00', 4, 0, NULL, NULL, NULL),
(1382, 4, 5, '2023-11-01', '07:00:00', '10:35:00', 4, 0, NULL, NULL, NULL),
(1383, 5, 5, '2023-11-01', '07:00:00', '10:35:00', 4, 0, '', NULL, NULL),
(1384, 6, 5, '2023-11-01', '07:00:00', '10:35:00', 4, 0, NULL, NULL, NULL),
(1385, 7, 5, '2023-11-01', '07:00:00', '10:35:00', 4, 0, NULL, NULL, NULL),
(1386, 8, 5, '2023-11-01', '07:00:00', '10:35:00', 0, 4, 'S', NULL, NULL),
(1387, 9, 5, '2023-11-01', '07:00:00', '10:35:00', 4, 0, NULL, NULL, NULL),
(1388, 10, 5, '2023-11-01', '07:00:00', '10:35:00', 4, 0, NULL, NULL, NULL),
(1389, 11, 5, '2023-11-01', '07:00:00', '10:35:00', 4, 0, NULL, NULL, NULL),
(1390, 12, 5, '2023-11-01', '07:00:00', '10:35:00', 4, 0, NULL, NULL, NULL),
(1391, 13, 5, '2023-11-01', '07:00:00', '10:35:00', 4, 0, NULL, NULL, NULL),
(1392, 14, 5, '2023-11-01', '07:00:00', '10:35:00', 4, 0, NULL, NULL, NULL),
(1393, 15, 5, '2023-11-01', '07:00:00', '10:35:00', 4, 0, NULL, NULL, NULL),
(1394, 16, 5, '2023-11-01', '07:00:00', '10:35:00', 4, 0, NULL, NULL, NULL),
(1395, 17, 5, '2023-11-01', '07:00:00', '10:35:00', 4, 0, NULL, NULL, NULL),
(1396, 18, 5, '2023-11-01', '07:00:00', '10:35:00', 4, 0, NULL, NULL, NULL),
(1397, 19, 5, '2023-11-01', '07:00:00', '10:35:00', 4, 0, NULL, NULL, NULL),
(1398, 20, 5, '2023-11-01', '07:00:00', '10:35:00', 4, 0, NULL, NULL, NULL),
(1399, 21, 5, '2023-11-01', '07:00:00', '10:35:00', 0, 4, 'S', NULL, NULL),
(1400, 22, 5, '2023-11-01', '07:00:00', '10:35:00', 4, 0, NULL, NULL, NULL),
(1401, 23, 5, '2023-11-01', '07:00:00', '10:35:00', 4, 0, NULL, NULL, NULL),
(1402, 24, 5, '2023-11-01', '07:00:00', '10:35:00', 4, 0, NULL, NULL, NULL),
(1403, 25, 5, '2023-11-01', '07:00:00', '10:35:00', 0, 4, 'S', NULL, NULL),
(1404, 26, 5, '2023-11-01', '07:00:00', '10:35:00', 4, 0, NULL, NULL, NULL),
(1405, 1, 6, '2023-11-01', '10:35:00', '18:00:00', 7, 0, NULL, NULL, NULL),
(1406, 2, 6, '2023-11-01', '10:35:00', '18:00:00', 7, 0, NULL, NULL, NULL),
(1407, 3, 6, '2023-11-01', '10:35:00', '18:00:00', 7, 0, NULL, NULL, NULL),
(1408, 4, 6, '2023-11-01', '10:35:00', '18:00:00', 7, 0, NULL, NULL, NULL),
(1409, 5, 6, '2023-11-01', '10:35:00', '18:00:00', 7, 0, '', NULL, NULL),
(1410, 6, 6, '2023-11-01', '10:35:00', '18:00:00', 7, 0, NULL, NULL, NULL),
(1411, 7, 6, '2023-11-01', '10:35:00', '18:00:00', 7, 0, NULL, NULL, NULL),
(1412, 8, 6, '2023-11-01', '10:35:00', '18:00:00', 0, 7, 'S', NULL, NULL),
(1413, 9, 6, '2023-11-01', '10:35:00', '18:00:00', 7, 0, NULL, NULL, NULL),
(1414, 10, 6, '2023-11-01', '10:35:00', '18:00:00', 7, 0, NULL, NULL, NULL),
(1415, 11, 6, '2023-11-01', '10:35:00', '18:00:00', 7, 0, NULL, NULL, NULL),
(1416, 12, 6, '2023-11-01', '10:35:00', '18:00:00', 7, 0, NULL, NULL, NULL),
(1417, 13, 6, '2023-11-01', '10:35:00', '18:00:00', 7, 0, NULL, NULL, NULL),
(1418, 14, 6, '2023-11-01', '10:35:00', '18:00:00', 7, 0, NULL, NULL, NULL),
(1419, 15, 6, '2023-11-01', '10:35:00', '18:00:00', 7, 0, NULL, NULL, NULL),
(1420, 16, 6, '2023-11-01', '10:35:00', '18:00:00', 7, 0, NULL, NULL, NULL),
(1421, 17, 6, '2023-11-01', '10:35:00', '18:00:00', 7, 0, NULL, NULL, NULL),
(1422, 18, 6, '2023-11-01', '10:35:00', '18:00:00', 7, 0, NULL, NULL, NULL),
(1423, 19, 6, '2023-11-01', '10:35:00', '18:00:00', 7, 0, NULL, NULL, NULL),
(1424, 20, 6, '2023-11-01', '10:35:00', '18:00:00', 7, 0, NULL, NULL, NULL),
(1425, 21, 6, '2023-11-01', '10:35:00', '18:00:00', 0, 7, 'S', NULL, NULL),
(1426, 22, 6, '2023-11-01', '10:35:00', '18:00:00', 7, 0, NULL, NULL, NULL),
(1427, 23, 6, '2023-11-01', '10:35:00', '18:00:00', 7, 0, NULL, NULL, NULL),
(1428, 24, 6, '2023-11-01', '10:35:00', '18:00:00', 7, 0, NULL, NULL, NULL),
(1429, 25, 6, '2023-11-01', '10:35:00', '18:00:00', 0, 7, 'S', NULL, NULL),
(1430, 26, 6, '2023-11-01', '10:35:00', '18:00:00', 7, 0, NULL, NULL, NULL),
(1431, 1, 7, '2023-11-02', '07:00:00', '14:40:00', 8, 0, NULL, NULL, NULL),
(1432, 2, 7, '2023-11-02', '07:00:00', '14:40:00', 8, 0, NULL, NULL, NULL),
(1433, 3, 7, '2023-11-02', '07:00:00', '14:40:00', 8, 0, NULL, NULL, NULL),
(1434, 4, 7, '2023-11-02', '07:00:00', '14:40:00', 8, 0, NULL, NULL, NULL),
(1435, 5, 7, '2023-11-02', '07:00:00', '14:40:00', 8, 0, '', NULL, NULL),
(1436, 6, 7, '2023-11-02', '07:00:00', '14:40:00', 8, 0, NULL, NULL, NULL),
(1437, 7, 7, '2023-11-02', '07:00:00', '14:40:00', 8, 0, NULL, NULL, NULL),
(1438, 8, 7, '2023-11-02', '07:00:00', '14:40:00', 0, 8, 'S', NULL, NULL),
(1439, 9, 7, '2023-11-02', '07:00:00', '14:40:00', 8, 0, NULL, NULL, NULL),
(1440, 10, 7, '2023-11-02', '07:00:00', '14:40:00', 8, 0, NULL, NULL, NULL),
(1441, 11, 7, '2023-11-02', '07:00:00', '14:40:00', 8, 0, NULL, NULL, NULL),
(1442, 12, 7, '2023-11-02', '07:00:00', '14:40:00', 8, 0, NULL, NULL, NULL),
(1443, 13, 7, '2023-11-02', '07:00:00', '14:40:00', 8, 0, NULL, NULL, NULL),
(1444, 14, 7, '2023-11-02', '07:00:00', '14:40:00', 8, 0, NULL, NULL, NULL),
(1445, 15, 7, '2023-11-02', '07:00:00', '14:40:00', 8, 0, NULL, NULL, NULL),
(1446, 16, 7, '2023-11-02', '07:00:00', '14:40:00', 8, 0, NULL, NULL, NULL),
(1447, 17, 7, '2023-11-02', '07:00:00', '14:40:00', 8, 0, NULL, NULL, NULL),
(1448, 18, 7, '2023-11-02', '07:00:00', '14:40:00', 8, 0, NULL, NULL, NULL),
(1449, 19, 7, '2023-11-02', '07:00:00', '14:40:00', 8, 0, NULL, NULL, NULL),
(1450, 20, 7, '2023-11-02', '07:00:00', '14:40:00', 8, 0, NULL, NULL, NULL),
(1451, 21, 7, '2023-11-02', '07:00:00', '14:40:00', 0, 8, 'S', NULL, NULL),
(1452, 22, 7, '2023-11-02', '07:00:00', '14:40:00', 8, 0, NULL, NULL, NULL),
(1453, 23, 7, '2023-11-02', '07:00:00', '14:40:00', 8, 0, NULL, NULL, NULL),
(1454, 24, 7, '2023-11-02', '07:00:00', '14:40:00', 8, 0, NULL, NULL, NULL),
(1455, 25, 7, '2023-11-02', '07:00:00', '14:40:00', 0, 8, 'S', NULL, NULL),
(1456, 26, 7, '2023-11-02', '07:00:00', '14:40:00', 8, 0, NULL, NULL, NULL),
(1457, 1, 8, '2023-11-03', '07:00:00', '10:35:00', 4, 0, NULL, NULL, NULL),
(1458, 2, 8, '2023-11-03', '07:00:00', '10:35:00', 4, 0, NULL, NULL, NULL),
(1459, 3, 8, '2023-11-03', '07:00:00', '10:35:00', 4, 0, NULL, NULL, NULL),
(1460, 4, 8, '2023-11-03', '07:00:00', '10:35:00', 4, 0, NULL, NULL, NULL),
(1461, 5, 8, '2023-11-03', '07:00:00', '10:35:00', 4, 0, '', NULL, NULL),
(1462, 6, 8, '2023-11-03', '07:00:00', '10:35:00', 4, 0, NULL, NULL, NULL),
(1463, 7, 8, '2023-11-03', '07:00:00', '10:35:00', 4, 0, NULL, NULL, NULL),
(1464, 8, 8, '2023-11-03', '07:00:00', '10:35:00', 0, 4, 'S', NULL, NULL),
(1465, 9, 8, '2023-11-03', '07:00:00', '10:35:00', 4, 0, NULL, NULL, NULL),
(1466, 10, 8, '2023-11-03', '07:00:00', '10:35:00', 4, 0, NULL, NULL, NULL),
(1467, 11, 8, '2023-11-03', '07:00:00', '10:35:00', 4, 0, NULL, NULL, NULL),
(1468, 12, 8, '2023-11-03', '07:00:00', '10:35:00', 4, 0, NULL, NULL, NULL),
(1469, 13, 8, '2023-11-03', '07:00:00', '10:35:00', 4, 0, NULL, NULL, NULL),
(1470, 14, 8, '2023-11-03', '07:00:00', '10:35:00', 4, 0, NULL, NULL, NULL),
(1471, 15, 8, '2023-11-03', '07:00:00', '10:35:00', 4, 0, NULL, NULL, NULL),
(1472, 16, 8, '2023-11-03', '07:00:00', '10:35:00', 4, 0, NULL, NULL, NULL),
(1473, 17, 8, '2023-11-03', '07:00:00', '10:35:00', 4, 0, NULL, NULL, NULL),
(1474, 18, 8, '2023-11-03', '07:00:00', '10:35:00', 4, 0, NULL, NULL, NULL),
(1475, 19, 8, '2023-11-03', '07:00:00', '10:35:00', 4, 0, NULL, NULL, NULL),
(1476, 20, 8, '2023-11-03', '07:00:00', '10:35:00', 4, 0, NULL, NULL, NULL),
(1477, 21, 8, '2023-11-03', '07:00:00', '10:35:00', 0, 4, 'S', NULL, NULL),
(1478, 22, 8, '2023-11-03', '07:00:00', '10:35:00', 4, 0, NULL, NULL, NULL),
(1479, 23, 8, '2023-11-03', '07:00:00', '10:35:00', 4, 0, NULL, NULL, NULL),
(1480, 24, 8, '2023-11-03', '07:00:00', '10:35:00', 4, 0, NULL, NULL, NULL),
(1481, 25, 8, '2023-11-03', '07:00:00', '10:35:00', 0, 4, 'S', NULL, NULL),
(1482, 26, 8, '2023-11-03', '07:00:00', '10:35:00', 4, 0, NULL, NULL, NULL),
(1483, 1, 9, '2023-11-03', '10:35:00', '16:20:00', 4, 0, NULL, NULL, NULL),
(1484, 2, 9, '2023-11-03', '10:35:00', '16:20:00', 4, 0, NULL, NULL, NULL),
(1485, 3, 9, '2023-11-03', '10:35:00', '16:20:00', 4, 0, NULL, NULL, NULL),
(1486, 4, 9, '2023-11-03', '10:35:00', '16:20:00', 4, 0, NULL, NULL, NULL),
(1487, 5, 9, '2023-11-03', '10:35:00', '16:20:00', 4, 0, '', NULL, NULL),
(1488, 6, 9, '2023-11-03', '10:35:00', '16:20:00', 4, 0, NULL, NULL, NULL),
(1489, 7, 9, '2023-11-03', '10:35:00', '16:20:00', 4, 0, NULL, NULL, NULL),
(1490, 8, 9, '2023-11-03', '10:35:00', '16:20:00', 0, 4, 'S', NULL, NULL),
(1491, 9, 9, '2023-11-03', '10:35:00', '16:20:00', 4, 0, NULL, NULL, NULL),
(1492, 10, 9, '2023-11-03', '10:35:00', '16:20:00', 4, 0, NULL, NULL, NULL),
(1493, 11, 9, '2023-11-03', '10:35:00', '16:20:00', 4, 0, NULL, NULL, NULL),
(1494, 12, 9, '2023-11-03', '10:35:00', '16:20:00', 4, 0, NULL, NULL, NULL),
(1495, 13, 9, '2023-11-03', '10:35:00', '16:20:00', 4, 0, NULL, NULL, NULL),
(1496, 14, 9, '2023-11-03', '10:35:00', '16:20:00', 4, 0, NULL, NULL, NULL),
(1497, 15, 9, '2023-11-03', '10:35:00', '16:20:00', 4, 0, NULL, NULL, NULL),
(1498, 16, 9, '2023-11-03', '10:35:00', '16:20:00', 4, 0, NULL, NULL, NULL),
(1499, 17, 9, '2023-11-03', '10:35:00', '16:20:00', 4, 0, NULL, NULL, NULL),
(1500, 18, 9, '2023-11-03', '10:35:00', '16:20:00', 4, 0, NULL, NULL, NULL),
(1501, 19, 9, '2023-11-03', '10:35:00', '16:20:00', 4, 0, NULL, NULL, NULL),
(1502, 20, 9, '2023-11-03', '10:35:00', '16:20:00', 4, 0, NULL, NULL, NULL),
(1503, 21, 9, '2023-11-03', '10:35:00', '16:20:00', 0, 4, 'S', NULL, NULL),
(1504, 22, 9, '2023-11-03', '10:35:00', '16:20:00', 4, 0, NULL, NULL, NULL),
(1505, 23, 9, '2023-11-03', '10:35:00', '16:20:00', 4, 0, NULL, NULL, NULL),
(1506, 24, 9, '2023-11-03', '10:35:00', '16:20:00', 4, 0, NULL, NULL, NULL),
(1507, 25, 9, '2023-11-03', '10:35:00', '16:20:00', 0, 4, 'S', NULL, NULL),
(1508, 26, 9, '2023-11-03', '10:35:00', '16:20:00', 4, 0, NULL, NULL, NULL),
(1509, 1, 10, '2023-11-03', '16:20:00', '18:00:00', 2, 0, NULL, NULL, NULL),
(1510, 2, 10, '2023-11-03', '16:20:00', '18:00:00', 2, 0, NULL, NULL, NULL),
(1511, 3, 10, '2023-11-03', '16:20:00', '18:00:00', 2, 0, NULL, NULL, NULL),
(1512, 4, 10, '2023-11-03', '16:20:00', '18:00:00', 2, 0, NULL, NULL, NULL),
(1513, 5, 10, '2023-11-03', '16:20:00', '18:00:00', 2, 0, '', NULL, NULL),
(1514, 6, 10, '2023-11-03', '16:20:00', '18:00:00', 2, 0, NULL, NULL, NULL),
(1515, 7, 10, '2023-11-03', '16:20:00', '18:00:00', 2, 0, NULL, NULL, NULL),
(1516, 8, 10, '2023-11-03', '16:20:00', '18:00:00', 2, 6, 'S', NULL, NULL),
(1517, 9, 10, '2023-11-03', '16:20:00', '18:00:00', 2, 0, NULL, NULL, NULL),
(1518, 10, 10, '2023-11-03', '16:20:00', '18:00:00', 2, 0, NULL, NULL, NULL),
(1519, 11, 10, '2023-11-03', '16:20:00', '18:00:00', 2, 0, NULL, NULL, NULL),
(1520, 12, 10, '2023-11-03', '16:20:00', '18:00:00', 2, 0, NULL, NULL, NULL),
(1521, 13, 10, '2023-11-03', '16:20:00', '18:00:00', 2, 0, NULL, NULL, NULL),
(1522, 14, 10, '2023-11-03', '16:20:00', '18:00:00', 2, 0, NULL, NULL, NULL),
(1523, 15, 10, '2023-11-03', '16:20:00', '18:00:00', 2, 0, NULL, NULL, NULL),
(1524, 16, 10, '2023-11-03', '16:20:00', '18:00:00', 2, 0, NULL, NULL, NULL),
(1525, 17, 10, '2023-11-03', '16:20:00', '18:00:00', 2, 0, NULL, NULL, NULL),
(1526, 18, 10, '2023-11-03', '16:20:00', '18:00:00', 2, 0, NULL, NULL, NULL),
(1527, 19, 10, '2023-11-03', '16:20:00', '18:00:00', 2, 0, NULL, NULL, NULL),
(1528, 20, 10, '2023-11-03', '16:20:00', '18:00:00', 2, 0, NULL, NULL, NULL),
(1529, 21, 10, '2023-11-03', '16:20:00', '18:00:00', 2, 6, 'S', NULL, NULL),
(1530, 22, 10, '2023-11-03', '16:20:00', '18:00:00', 2, 0, NULL, NULL, NULL),
(1531, 23, 10, '2023-11-03', '16:20:00', '18:00:00', 2, 0, NULL, NULL, NULL),
(1532, 24, 10, '2023-11-03', '16:20:00', '18:00:00', 2, 0, NULL, NULL, NULL),
(1533, 25, 10, '2023-11-03', '16:20:00', '18:00:00', 2, 6, 'S', NULL, NULL),
(1534, 26, 10, '2023-11-03', '16:20:00', '18:00:00', 2, 0, NULL, NULL, NULL),
(1535, 1, 1, '2023-11-06', '07:00:00', '12:15:00', 6, 0, NULL, NULL, NULL),
(1536, 2, 1, '2023-11-06', '07:00:00', '12:15:00', 6, 0, NULL, NULL, NULL),
(1537, 3, 1, '2023-11-06', '07:00:00', '12:15:00', 6, 0, NULL, NULL, NULL),
(1538, 4, 1, '2023-11-06', '07:00:00', '12:15:00', 6, 0, NULL, NULL, NULL),
(1539, 5, 1, '2023-11-06', '07:00:00', '12:15:00', 6, 0, '', NULL, NULL),
(1540, 6, 1, '2023-11-06', '07:00:00', '12:15:00', 6, 0, NULL, NULL, NULL),
(1541, 7, 1, '2023-11-06', '07:00:00', '12:15:00', 6, 0, NULL, NULL, NULL),
(1542, 8, 1, '2023-11-06', '07:00:00', '12:15:00', 0, 6, 'S', NULL, NULL),
(1543, 9, 1, '2023-11-06', '07:00:00', '12:15:00', 6, 0, NULL, NULL, NULL),
(1544, 10, 1, '2023-11-06', '07:00:00', '12:15:00', 6, 0, NULL, NULL, NULL),
(1545, 11, 1, '2023-11-06', '07:00:00', '12:15:00', 6, 0, NULL, NULL, NULL),
(1546, 12, 1, '2023-11-06', '07:00:00', '12:15:00', 6, 0, NULL, NULL, NULL),
(1547, 13, 1, '2023-11-06', '07:00:00', '12:15:00', 6, 0, NULL, NULL, NULL),
(1548, 14, 1, '2023-11-06', '07:00:00', '12:15:00', 6, 0, NULL, NULL, NULL),
(1549, 15, 1, '2023-11-06', '07:00:00', '12:15:00', 6, 0, NULL, NULL, NULL),
(1550, 16, 1, '2023-11-06', '07:00:00', '12:15:00', 6, 0, NULL, NULL, NULL),
(1551, 17, 1, '2023-11-06', '07:00:00', '12:15:00', 6, 0, NULL, NULL, NULL),
(1552, 18, 1, '2023-11-06', '07:00:00', '12:15:00', 6, 0, NULL, NULL, NULL),
(1553, 19, 1, '2023-11-06', '07:00:00', '12:15:00', 6, 0, NULL, NULL, NULL),
(1554, 20, 1, '2023-11-06', '07:00:00', '12:15:00', 6, 0, NULL, NULL, NULL),
(1555, 21, 1, '2023-11-06', '07:00:00', '12:15:00', 0, 6, 'S', NULL, NULL),
(1556, 22, 1, '2023-11-06', '07:00:00', '12:15:00', 6, 0, NULL, NULL, NULL),
(1557, 23, 1, '2023-11-06', '07:00:00', '12:15:00', 6, 0, NULL, NULL, NULL),
(1558, 24, 1, '2023-11-06', '07:00:00', '12:15:00', 6, 0, NULL, NULL, NULL),
(1559, 25, 1, '2023-11-06', '07:00:00', '12:15:00', 0, 6, 'S', NULL, NULL),
(1560, 26, 1, '2023-11-06', '07:00:00', '12:15:00', 6, 0, NULL, NULL, NULL),
(1561, 1, 2, '2023-11-06', '13:00:00', '18:00:00', 5, 0, NULL, NULL, NULL),
(1562, 2, 2, '2023-11-06', '13:00:00', '18:00:00', 5, 0, NULL, NULL, NULL),
(1563, 3, 2, '2023-11-06', '13:00:00', '18:00:00', 5, 0, NULL, NULL, NULL),
(1564, 4, 2, '2023-11-06', '13:00:00', '18:00:00', 5, 0, NULL, NULL, NULL),
(1565, 5, 2, '2023-11-06', '13:00:00', '18:00:00', 5, 0, '', NULL, NULL),
(1566, 6, 2, '2023-11-06', '13:00:00', '18:00:00', 5, 0, NULL, NULL, NULL),
(1567, 7, 2, '2023-11-06', '13:00:00', '18:00:00', 5, 0, NULL, NULL, NULL),
(1568, 8, 2, '2023-11-06', '13:00:00', '18:00:00', 0, 5, 'S', NULL, NULL),
(1569, 9, 2, '2023-11-06', '13:00:00', '18:00:00', 5, 0, NULL, NULL, NULL),
(1570, 10, 2, '2023-11-06', '13:00:00', '18:00:00', 5, 0, NULL, NULL, NULL),
(1571, 11, 2, '2023-11-06', '13:00:00', '18:00:00', 5, 0, NULL, NULL, NULL),
(1572, 12, 2, '2023-11-06', '13:00:00', '18:00:00', 5, 0, NULL, NULL, NULL),
(1573, 13, 2, '2023-11-06', '13:00:00', '18:00:00', 5, 0, NULL, NULL, NULL),
(1574, 14, 2, '2023-11-06', '13:00:00', '18:00:00', 5, 0, NULL, NULL, NULL),
(1575, 15, 2, '2023-11-06', '13:00:00', '18:00:00', 5, 0, NULL, NULL, NULL),
(1576, 16, 2, '2023-11-06', '13:00:00', '18:00:00', 5, 0, NULL, NULL, NULL),
(1577, 17, 2, '2023-11-06', '13:00:00', '18:00:00', 5, 0, NULL, NULL, NULL),
(1578, 18, 2, '2023-11-06', '13:00:00', '18:00:00', 5, 0, NULL, NULL, NULL),
(1579, 19, 2, '2023-11-06', '13:00:00', '18:00:00', 5, 0, NULL, NULL, NULL),
(1580, 20, 2, '2023-11-06', '13:00:00', '18:00:00', 5, 0, NULL, NULL, NULL),
(1581, 21, 2, '2023-11-06', '13:00:00', '18:00:00', 0, 5, 'S', NULL, NULL),
(1582, 22, 2, '2023-11-06', '13:00:00', '18:00:00', 5, 0, NULL, NULL, NULL),
(1583, 23, 2, '2023-11-06', '13:00:00', '18:00:00', 5, 0, NULL, NULL, NULL),
(1584, 24, 2, '2023-11-06', '13:00:00', '18:00:00', 5, 0, NULL, NULL, NULL),
(1585, 25, 2, '2023-11-06', '13:00:00', '18:00:00', 0, 5, 'S', NULL, NULL),
(1586, 26, 2, '2023-11-06', '13:00:00', '18:00:00', 5, 0, NULL, NULL, NULL),
(1587, 1, 1, '2023-11-07', '07:00:00', '10:35:00', 4, 0, NULL, NULL, NULL),
(1588, 2, 1, '2023-11-07', '07:00:00', '10:35:00', 4, 0, NULL, NULL, NULL),
(1589, 3, 1, '2023-11-07', '07:00:00', '10:35:00', 4, 0, NULL, NULL, NULL),
(1590, 4, 1, '2023-11-07', '07:00:00', '10:35:00', 4, 0, NULL, NULL, NULL),
(1591, 5, 1, '2023-11-07', '07:00:00', '10:35:00', 4, 0, '', NULL, NULL),
(1592, 6, 1, '2023-11-07', '07:00:00', '10:35:00', 4, 0, NULL, NULL, NULL),
(1593, 7, 1, '2023-11-07', '07:00:00', '10:35:00', 4, 0, NULL, NULL, NULL),
(1594, 8, 1, '2023-11-07', '07:00:00', '10:35:00', 0, 4, 'S', NULL, NULL),
(1595, 9, 1, '2023-11-07', '07:00:00', '10:35:00', 4, 0, NULL, NULL, NULL),
(1596, 10, 1, '2023-11-07', '07:00:00', '10:35:00', 4, 0, NULL, NULL, NULL),
(1597, 11, 1, '2023-11-07', '07:00:00', '10:35:00', 4, 0, NULL, NULL, NULL),
(1598, 12, 1, '2023-11-07', '07:00:00', '10:35:00', 4, 0, NULL, NULL, NULL),
(1599, 13, 1, '2023-11-07', '07:00:00', '10:35:00', 4, 0, NULL, NULL, NULL),
(1600, 14, 1, '2023-11-07', '07:00:00', '10:35:00', 4, 0, NULL, NULL, NULL),
(1601, 15, 1, '2023-11-07', '07:00:00', '10:35:00', 4, 0, NULL, NULL, NULL),
(1602, 16, 1, '2023-11-07', '07:00:00', '10:35:00', 4, 0, NULL, NULL, NULL),
(1603, 17, 1, '2023-11-07', '07:00:00', '10:35:00', 4, 0, NULL, NULL, NULL),
(1604, 18, 1, '2023-11-07', '07:00:00', '10:35:00', 4, 0, NULL, NULL, NULL),
(1605, 19, 1, '2023-11-07', '07:00:00', '10:35:00', 4, 0, NULL, NULL, NULL),
(1606, 20, 1, '2023-11-07', '07:00:00', '10:35:00', 4, 0, NULL, NULL, NULL),
(1607, 21, 1, '2023-11-07', '07:00:00', '10:35:00', 0, 4, 'S', NULL, NULL),
(1608, 22, 1, '2023-11-07', '07:00:00', '10:35:00', 4, 0, NULL, NULL, NULL),
(1609, 23, 1, '2023-11-07', '07:00:00', '10:35:00', 4, 0, NULL, NULL, NULL),
(1610, 24, 1, '2023-11-07', '07:00:00', '10:35:00', 4, 0, NULL, NULL, NULL),
(1611, 25, 1, '2023-11-07', '07:00:00', '10:35:00', 0, 4, 'S', NULL, NULL),
(1612, 26, 1, '2023-11-07', '07:00:00', '10:35:00', 4, 0, NULL, NULL, NULL),
(1613, 1, 4, '2023-11-07', '10:35:00', '18:00:00', 7, 0, NULL, NULL, NULL),
(1614, 2, 4, '2023-11-07', '10:35:00', '18:00:00', 7, 0, NULL, NULL, NULL),
(1615, 3, 4, '2023-11-07', '10:35:00', '18:00:00', 7, 0, NULL, NULL, NULL),
(1616, 4, 4, '2023-11-07', '10:35:00', '18:00:00', 7, 0, NULL, NULL, NULL),
(1617, 5, 4, '2023-11-07', '10:35:00', '18:00:00', 7, 0, '', NULL, NULL),
(1618, 6, 4, '2023-11-07', '10:35:00', '18:00:00', 7, 0, NULL, NULL, NULL),
(1619, 7, 4, '2023-11-07', '10:35:00', '18:00:00', 7, 0, NULL, NULL, NULL),
(1620, 8, 4, '2023-11-07', '10:35:00', '18:00:00', 0, 7, 'S', NULL, NULL),
(1621, 9, 4, '2023-11-07', '10:35:00', '18:00:00', 7, 0, NULL, NULL, NULL),
(1622, 10, 4, '2023-11-07', '10:35:00', '18:00:00', 7, 0, NULL, NULL, NULL),
(1623, 11, 4, '2023-11-07', '10:35:00', '18:00:00', 7, 0, NULL, NULL, NULL),
(1624, 12, 4, '2023-11-07', '10:35:00', '18:00:00', 7, 0, NULL, NULL, NULL),
(1625, 13, 4, '2023-11-07', '10:35:00', '18:00:00', 7, 0, NULL, NULL, NULL),
(1626, 14, 4, '2023-11-07', '10:35:00', '18:00:00', 7, 0, NULL, NULL, NULL),
(1627, 15, 4, '2023-11-07', '10:35:00', '18:00:00', 7, 0, NULL, NULL, NULL),
(1628, 16, 4, '2023-11-07', '10:35:00', '18:00:00', 7, 0, NULL, NULL, NULL),
(1629, 17, 4, '2023-11-07', '10:35:00', '18:00:00', 7, 0, NULL, NULL, NULL),
(1630, 18, 4, '2023-11-07', '10:35:00', '18:00:00', 7, 0, NULL, NULL, NULL),
(1631, 19, 4, '2023-11-07', '10:35:00', '18:00:00', 7, 0, NULL, NULL, NULL),
(1632, 20, 4, '2023-11-07', '10:35:00', '18:00:00', 7, 0, NULL, NULL, NULL),
(1633, 21, 4, '2023-11-07', '10:35:00', '18:00:00', 0, 7, 'S', NULL, NULL),
(1634, 22, 4, '2023-11-07', '10:35:00', '18:00:00', 7, 0, NULL, NULL, NULL),
(1635, 23, 4, '2023-11-07', '10:35:00', '18:00:00', 7, 0, NULL, NULL, NULL),
(1636, 24, 4, '2023-11-07', '10:35:00', '18:00:00', 7, 0, NULL, NULL, NULL),
(1637, 25, 4, '2023-11-07', '10:35:00', '18:00:00', 0, 7, 'S', NULL, NULL),
(1638, 26, 4, '2023-11-07', '10:35:00', '18:00:00', 7, 0, NULL, NULL, NULL),
(1639, 1, 5, '2023-11-08', '07:00:00', '10:35:00', 4, 0, NULL, NULL, NULL),
(1640, 2, 5, '2023-11-08', '07:00:00', '10:35:00', 4, 0, NULL, NULL, NULL),
(1641, 3, 5, '2023-11-08', '07:00:00', '10:35:00', 4, 0, NULL, NULL, NULL),
(1642, 4, 5, '2023-11-08', '07:00:00', '10:35:00', 4, 0, NULL, NULL, NULL),
(1643, 5, 5, '2023-11-08', '07:00:00', '10:35:00', 4, 0, '', NULL, NULL),
(1644, 6, 5, '2023-11-08', '07:00:00', '10:35:00', 4, 0, NULL, NULL, NULL),
(1645, 7, 5, '2023-11-08', '07:00:00', '10:35:00', 4, 0, NULL, NULL, NULL),
(1646, 8, 5, '2023-11-08', '07:00:00', '10:35:00', 0, 4, 'S', NULL, NULL),
(1647, 9, 5, '2023-11-08', '07:00:00', '10:35:00', 4, 0, NULL, NULL, NULL),
(1648, 10, 5, '2023-11-08', '07:00:00', '10:35:00', 4, 0, NULL, NULL, NULL),
(1649, 11, 5, '2023-11-08', '07:00:00', '10:35:00', 4, 0, NULL, NULL, NULL),
(1650, 12, 5, '2023-11-08', '07:00:00', '10:35:00', 4, 0, NULL, NULL, NULL),
(1651, 13, 5, '2023-11-08', '07:00:00', '10:35:00', 4, 0, NULL, NULL, NULL),
(1652, 14, 5, '2023-11-08', '07:00:00', '10:35:00', 4, 0, NULL, NULL, NULL),
(1653, 15, 5, '2023-11-08', '07:00:00', '10:35:00', 4, 0, NULL, NULL, NULL),
(1654, 16, 5, '2023-11-08', '07:00:00', '10:35:00', 4, 0, NULL, NULL, NULL),
(1655, 17, 5, '2023-11-08', '07:00:00', '10:35:00', 4, 0, NULL, NULL, NULL),
(1656, 18, 5, '2023-11-08', '07:00:00', '10:35:00', 4, 0, NULL, NULL, NULL),
(1657, 19, 5, '2023-11-08', '07:00:00', '10:35:00', 4, 0, NULL, NULL, NULL),
(1658, 20, 5, '2023-11-08', '07:00:00', '10:35:00', 4, 0, NULL, NULL, NULL),
(1659, 21, 5, '2023-11-08', '07:00:00', '10:35:00', 0, 4, 'S', NULL, NULL),
(1660, 22, 5, '2023-11-08', '07:00:00', '10:35:00', 4, 0, NULL, NULL, NULL),
(1661, 23, 5, '2023-11-08', '07:00:00', '10:35:00', 4, 0, NULL, NULL, NULL),
(1662, 24, 5, '2023-11-08', '07:00:00', '10:35:00', 4, 0, NULL, NULL, NULL),
(1663, 25, 5, '2023-11-08', '07:00:00', '10:35:00', 0, 4, 'S', NULL, NULL),
(1664, 26, 5, '2023-11-08', '07:00:00', '10:35:00', 4, 0, NULL, NULL, NULL),
(1665, 1, 6, '2023-11-08', '10:35:00', '18:00:00', 7, 0, NULL, NULL, NULL),
(1666, 2, 6, '2023-11-08', '10:35:00', '18:00:00', 7, 0, NULL, NULL, NULL),
(1667, 3, 6, '2023-11-08', '10:35:00', '18:00:00', 7, 0, NULL, NULL, NULL),
(1668, 4, 6, '2023-11-08', '10:35:00', '18:00:00', 7, 0, NULL, NULL, NULL),
(1669, 5, 6, '2023-11-08', '10:35:00', '18:00:00', 7, 0, '', NULL, NULL),
(1670, 6, 6, '2023-11-08', '10:35:00', '18:00:00', 7, 0, NULL, NULL, NULL),
(1671, 7, 6, '2023-11-08', '10:35:00', '18:00:00', 7, 0, NULL, NULL, NULL),
(1672, 8, 6, '2023-11-08', '10:35:00', '18:00:00', 0, 7, 'S', NULL, NULL),
(1673, 9, 6, '2023-11-08', '10:35:00', '18:00:00', 7, 0, NULL, NULL, NULL),
(1674, 10, 6, '2023-11-08', '10:35:00', '18:00:00', 7, 0, NULL, NULL, NULL),
(1675, 11, 6, '2023-11-08', '10:35:00', '18:00:00', 7, 0, NULL, NULL, NULL),
(1676, 12, 6, '2023-11-08', '10:35:00', '18:00:00', 7, 0, NULL, NULL, NULL),
(1677, 13, 6, '2023-11-08', '10:35:00', '18:00:00', 7, 0, NULL, NULL, NULL),
(1678, 14, 6, '2023-11-08', '10:35:00', '18:00:00', 7, 0, NULL, NULL, NULL),
(1679, 15, 6, '2023-11-08', '10:35:00', '18:00:00', 7, 0, NULL, NULL, NULL),
(1680, 16, 6, '2023-11-08', '10:35:00', '18:00:00', 7, 0, NULL, NULL, NULL),
(1681, 17, 6, '2023-11-08', '10:35:00', '18:00:00', 7, 0, NULL, NULL, NULL),
(1682, 18, 6, '2023-11-08', '10:35:00', '18:00:00', 7, 0, NULL, NULL, NULL),
(1683, 19, 6, '2023-11-08', '10:35:00', '18:00:00', 7, 0, NULL, NULL, NULL),
(1684, 20, 6, '2023-11-08', '10:35:00', '18:00:00', 7, 0, NULL, NULL, NULL),
(1685, 21, 6, '2023-11-08', '10:35:00', '18:00:00', 0, 7, 'S', NULL, NULL),
(1686, 22, 6, '2023-11-08', '10:35:00', '18:00:00', 7, 0, NULL, NULL, NULL),
(1687, 23, 6, '2023-11-08', '10:35:00', '18:00:00', 7, 0, NULL, NULL, NULL),
(1688, 24, 6, '2023-11-08', '10:35:00', '18:00:00', 7, 0, NULL, NULL, NULL),
(1689, 25, 6, '2023-11-08', '10:35:00', '18:00:00', 0, 7, 'S', NULL, NULL),
(1690, 26, 6, '2023-11-08', '10:35:00', '18:00:00', 7, 0, NULL, NULL, NULL),
(1691, 1, 7, '2023-11-09', '07:00:00', '14:40:00', 8, 0, NULL, NULL, NULL),
(1692, 2, 7, '2023-11-09', '07:00:00', '14:40:00', 8, 0, NULL, NULL, NULL),
(1693, 3, 7, '2023-11-09', '07:00:00', '14:40:00', 8, 0, NULL, NULL, NULL),
(1694, 4, 7, '2023-11-09', '07:00:00', '14:40:00', 8, 0, NULL, NULL, NULL),
(1695, 5, 7, '2023-11-09', '07:00:00', '14:40:00', 8, 0, '', NULL, NULL),
(1696, 6, 7, '2023-11-09', '07:00:00', '14:40:00', 8, 0, NULL, NULL, NULL),
(1697, 7, 7, '2023-11-09', '07:00:00', '14:40:00', 8, 0, NULL, NULL, NULL),
(1698, 8, 7, '2023-11-09', '07:00:00', '14:40:00', 0, 8, 'S', NULL, NULL),
(1699, 9, 7, '2023-11-09', '07:00:00', '14:40:00', 8, 0, NULL, NULL, NULL),
(1700, 10, 7, '2023-11-09', '07:00:00', '14:40:00', 8, 0, NULL, NULL, NULL),
(1701, 11, 7, '2023-11-09', '07:00:00', '14:40:00', 8, 0, NULL, NULL, NULL),
(1702, 12, 7, '2023-11-09', '07:00:00', '14:40:00', 8, 0, NULL, NULL, NULL),
(1703, 13, 7, '2023-11-09', '07:00:00', '14:40:00', 8, 0, NULL, NULL, NULL),
(1704, 14, 7, '2023-11-09', '07:00:00', '14:40:00', 8, 0, NULL, NULL, NULL),
(1705, 15, 7, '2023-11-09', '07:00:00', '14:40:00', 8, 0, NULL, NULL, NULL),
(1706, 16, 7, '2023-11-09', '07:00:00', '14:40:00', 8, 0, NULL, NULL, NULL),
(1707, 17, 7, '2023-11-09', '07:00:00', '14:40:00', 8, 0, NULL, NULL, NULL),
(1708, 18, 7, '2023-11-09', '07:00:00', '14:40:00', 8, 0, NULL, NULL, NULL),
(1709, 19, 7, '2023-11-09', '07:00:00', '14:40:00', 8, 0, NULL, NULL, NULL),
(1710, 20, 7, '2023-11-09', '07:00:00', '14:40:00', 8, 0, NULL, NULL, NULL),
(1711, 21, 7, '2023-11-09', '07:00:00', '14:40:00', 0, 8, 'S', NULL, NULL),
(1712, 22, 7, '2023-11-09', '07:00:00', '14:40:00', 8, 0, NULL, NULL, NULL),
(1713, 23, 7, '2023-11-09', '07:00:00', '14:40:00', 8, 0, NULL, NULL, NULL),
(1714, 24, 7, '2023-11-09', '07:00:00', '14:40:00', 8, 0, NULL, NULL, NULL),
(1715, 25, 7, '2023-11-09', '07:00:00', '14:40:00', 0, 8, 'S', NULL, NULL),
(1716, 26, 7, '2023-11-09', '07:00:00', '14:40:00', 8, 0, NULL, NULL, NULL),
(1717, 1, 8, '2023-11-10', '07:00:00', '10:35:00', 4, 0, NULL, NULL, NULL),
(1718, 2, 8, '2023-11-10', '07:00:00', '10:35:00', 4, 0, NULL, NULL, NULL),
(1719, 3, 8, '2023-11-10', '07:00:00', '10:35:00', 4, 0, NULL, NULL, NULL),
(1720, 4, 8, '2023-11-10', '07:00:00', '10:35:00', 4, 0, NULL, NULL, NULL),
(1721, 5, 8, '2023-11-10', '07:00:00', '10:35:00', 4, 0, '', NULL, NULL),
(1722, 6, 8, '2023-11-10', '07:00:00', '10:35:00', 4, 0, NULL, NULL, NULL),
(1723, 7, 8, '2023-11-10', '07:00:00', '10:35:00', 4, 0, NULL, NULL, NULL),
(1724, 8, 8, '2023-11-10', '07:00:00', '10:35:00', 0, 4, 'S', NULL, NULL),
(1725, 9, 8, '2023-11-10', '07:00:00', '10:35:00', 4, 0, NULL, NULL, NULL),
(1726, 10, 8, '2023-11-10', '07:00:00', '10:35:00', 4, 0, NULL, NULL, NULL),
(1727, 11, 8, '2023-11-10', '07:00:00', '10:35:00', 4, 0, NULL, NULL, NULL),
(1728, 12, 8, '2023-11-10', '07:00:00', '10:35:00', 4, 0, NULL, NULL, NULL),
(1729, 13, 8, '2023-11-10', '07:00:00', '10:35:00', 4, 0, NULL, NULL, NULL),
(1730, 14, 8, '2023-11-10', '07:00:00', '10:35:00', 4, 0, NULL, NULL, NULL),
(1731, 15, 8, '2023-11-10', '07:00:00', '10:35:00', 4, 0, NULL, NULL, NULL),
(1732, 16, 8, '2023-11-10', '07:00:00', '10:35:00', 4, 0, NULL, NULL, NULL),
(1733, 17, 8, '2023-11-10', '07:00:00', '10:35:00', 4, 0, NULL, NULL, NULL),
(1734, 18, 8, '2023-11-10', '07:00:00', '10:35:00', 4, 0, NULL, NULL, NULL),
(1735, 19, 8, '2023-11-10', '07:00:00', '10:35:00', 4, 0, NULL, NULL, NULL),
(1736, 20, 8, '2023-11-10', '07:00:00', '10:35:00', 4, 0, NULL, NULL, NULL),
(1737, 21, 8, '2023-11-10', '07:00:00', '10:35:00', 0, 4, 'S', NULL, NULL),
(1738, 22, 8, '2023-11-10', '07:00:00', '10:35:00', 4, 0, NULL, NULL, NULL),
(1739, 23, 8, '2023-11-10', '07:00:00', '10:35:00', 4, 0, NULL, NULL, NULL),
(1740, 24, 8, '2023-11-10', '07:00:00', '10:35:00', 4, 0, NULL, NULL, NULL),
(1741, 25, 8, '2023-11-10', '07:00:00', '10:35:00', 0, 4, 'S', NULL, NULL),
(1742, 26, 8, '2023-11-10', '07:00:00', '10:35:00', 4, 0, NULL, NULL, NULL),
(1743, 1, 9, '2023-11-10', '10:35:00', '16:20:00', 4, 0, NULL, NULL, NULL),
(1744, 2, 9, '2023-11-10', '10:35:00', '16:20:00', 4, 0, NULL, NULL, NULL),
(1745, 3, 9, '2023-11-10', '10:35:00', '16:20:00', 4, 0, NULL, NULL, NULL),
(1746, 4, 9, '2023-11-10', '10:35:00', '16:20:00', 4, 0, NULL, NULL, NULL),
(1747, 5, 9, '2023-11-10', '10:35:00', '16:20:00', 4, 0, '', NULL, NULL),
(1748, 6, 9, '2023-11-10', '10:35:00', '16:20:00', 4, 0, NULL, NULL, NULL),
(1749, 7, 9, '2023-11-10', '10:35:00', '16:20:00', 4, 0, NULL, NULL, NULL),
(1750, 8, 9, '2023-11-10', '10:35:00', '16:20:00', 0, 4, 'S', NULL, NULL),
(1751, 9, 9, '2023-11-10', '10:35:00', '16:20:00', 4, 0, NULL, NULL, NULL),
(1752, 10, 9, '2023-11-10', '10:35:00', '16:20:00', 4, 0, NULL, NULL, NULL),
(1753, 11, 9, '2023-11-10', '10:35:00', '16:20:00', 4, 0, NULL, NULL, NULL),
(1754, 12, 9, '2023-11-10', '10:35:00', '16:20:00', 4, 0, NULL, NULL, NULL),
(1755, 13, 9, '2023-11-10', '10:35:00', '16:20:00', 4, 0, NULL, NULL, NULL),
(1756, 14, 9, '2023-11-10', '10:35:00', '16:20:00', 4, 0, NULL, NULL, NULL),
(1757, 15, 9, '2023-11-10', '10:35:00', '16:20:00', 4, 0, NULL, NULL, NULL),
(1758, 16, 9, '2023-11-10', '10:35:00', '16:20:00', 4, 0, NULL, NULL, NULL),
(1759, 17, 9, '2023-11-10', '10:35:00', '16:20:00', 4, 0, NULL, NULL, NULL),
(1760, 18, 9, '2023-11-10', '10:35:00', '16:20:00', 4, 0, NULL, NULL, NULL),
(1761, 19, 9, '2023-11-10', '10:35:00', '16:20:00', 4, 0, NULL, NULL, NULL),
(1762, 20, 9, '2023-11-10', '10:35:00', '16:20:00', 4, 0, NULL, NULL, NULL),
(1763, 21, 9, '2023-11-10', '10:35:00', '16:20:00', 0, 4, 'S', NULL, NULL),
(1764, 22, 9, '2023-11-10', '10:35:00', '16:20:00', 4, 0, NULL, NULL, NULL),
(1765, 23, 9, '2023-11-10', '10:35:00', '16:20:00', 4, 0, NULL, NULL, NULL),
(1766, 24, 9, '2023-11-10', '10:35:00', '16:20:00', 4, 0, NULL, NULL, NULL),
(1767, 25, 9, '2023-11-10', '10:35:00', '16:20:00', 0, 4, 'S', NULL, NULL),
(1768, 26, 9, '2023-11-10', '10:35:00', '16:20:00', 4, 0, NULL, NULL, NULL),
(1769, 1, 10, '2023-11-10', '16:20:00', '18:00:00', 2, 0, NULL, NULL, NULL),
(1770, 2, 10, '2023-11-10', '16:20:00', '18:00:00', 2, 0, NULL, NULL, NULL),
(1771, 3, 10, '2023-11-10', '16:20:00', '18:00:00', 2, 0, NULL, NULL, NULL),
(1772, 4, 10, '2023-11-10', '16:20:00', '18:00:00', 2, 0, NULL, NULL, NULL),
(1773, 5, 10, '2023-11-10', '16:20:00', '18:00:00', 2, 0, '', NULL, NULL),
(1774, 6, 10, '2023-11-10', '16:20:00', '18:00:00', 2, 0, NULL, NULL, NULL),
(1775, 7, 10, '2023-11-10', '16:20:00', '18:00:00', 2, 0, NULL, NULL, NULL),
(1776, 8, 10, '2023-11-10', '16:20:00', '18:00:00', 2, 6, 'S', NULL, NULL),
(1777, 9, 10, '2023-11-10', '16:20:00', '18:00:00', 2, 0, NULL, NULL, NULL),
(1778, 10, 10, '2023-11-10', '16:20:00', '18:00:00', 2, 0, NULL, NULL, NULL),
(1779, 11, 10, '2023-11-10', '16:20:00', '18:00:00', 2, 0, NULL, NULL, NULL),
(1780, 12, 10, '2023-11-10', '16:20:00', '18:00:00', 2, 0, NULL, NULL, NULL),
(1781, 13, 10, '2023-11-10', '16:20:00', '18:00:00', 2, 0, NULL, NULL, NULL),
(1782, 14, 10, '2023-11-10', '16:20:00', '18:00:00', 2, 0, NULL, NULL, NULL),
(1783, 15, 10, '2023-11-10', '16:20:00', '18:00:00', 2, 0, NULL, NULL, NULL),
(1784, 16, 10, '2023-11-10', '16:20:00', '18:00:00', 2, 0, NULL, NULL, NULL),
(1785, 17, 10, '2023-11-10', '16:20:00', '18:00:00', 2, 0, NULL, NULL, NULL),
(1786, 18, 10, '2023-11-10', '16:20:00', '18:00:00', 2, 0, NULL, NULL, NULL),
(1787, 19, 10, '2023-11-10', '16:20:00', '18:00:00', 2, 0, NULL, NULL, NULL),
(1788, 20, 10, '2023-11-10', '16:20:00', '18:00:00', 2, 0, NULL, NULL, NULL),
(1789, 21, 10, '2023-11-10', '16:20:00', '18:00:00', 2, 6, 'S', NULL, NULL),
(1790, 22, 10, '2023-11-10', '16:20:00', '18:00:00', 2, 0, NULL, NULL, NULL),
(1791, 23, 10, '2023-11-10', '16:20:00', '18:00:00', 2, 0, NULL, NULL, NULL),
(1792, 24, 10, '2023-11-10', '16:20:00', '18:00:00', 2, 0, NULL, NULL, NULL),
(1793, 25, 10, '2023-11-10', '16:20:00', '18:00:00', 2, 6, 'S', NULL, NULL),
(1794, 26, 10, '2023-11-10', '16:20:00', '18:00:00', 2, 0, NULL, NULL, NULL),
(1795, 1, 1, '2023-11-13', '07:00:00', '12:15:00', 6, 0, NULL, NULL, NULL),
(1796, 2, 1, '2023-11-13', '07:00:00', '12:15:00', 6, 0, NULL, NULL, NULL),
(1797, 3, 1, '2023-11-13', '07:00:00', '12:15:00', 6, 0, NULL, NULL, NULL),
(1798, 4, 1, '2023-11-13', '07:00:00', '12:15:00', 6, 0, NULL, NULL, NULL),
(1799, 5, 1, '2023-11-13', '07:00:00', '12:15:00', 6, 0, '', NULL, NULL),
(1800, 6, 1, '2023-11-13', '07:00:00', '12:15:00', 6, 0, NULL, NULL, NULL),
(1801, 7, 1, '2023-11-13', '07:00:00', '12:15:00', 6, 0, NULL, NULL, NULL),
(1802, 8, 1, '2023-11-13', '07:00:00', '12:15:00', 0, 6, 'S', NULL, NULL),
(1803, 9, 1, '2023-11-13', '07:00:00', '12:15:00', 6, 0, NULL, NULL, NULL),
(1804, 10, 1, '2023-11-13', '07:00:00', '12:15:00', 6, 0, NULL, NULL, NULL),
(1805, 11, 1, '2023-11-13', '07:00:00', '12:15:00', 6, 0, NULL, NULL, NULL),
(1806, 12, 1, '2023-11-13', '07:00:00', '12:15:00', 6, 0, NULL, NULL, NULL),
(1807, 13, 1, '2023-11-13', '07:00:00', '12:15:00', 6, 0, NULL, NULL, NULL),
(1808, 14, 1, '2023-11-13', '07:00:00', '12:15:00', 6, 0, NULL, NULL, NULL),
(1809, 15, 1, '2023-11-13', '07:00:00', '12:15:00', 6, 0, NULL, NULL, NULL),
(1810, 16, 1, '2023-11-13', '07:00:00', '12:15:00', 6, 0, NULL, NULL, NULL),
(1811, 17, 1, '2023-11-13', '07:00:00', '12:15:00', 6, 0, NULL, NULL, NULL),
(1812, 18, 1, '2023-11-13', '07:00:00', '12:15:00', 6, 0, NULL, NULL, NULL),
(1813, 19, 1, '2023-11-13', '07:00:00', '12:15:00', 6, 0, NULL, NULL, NULL),
(1814, 20, 1, '2023-11-13', '07:00:00', '12:15:00', 6, 0, NULL, NULL, NULL),
(1815, 21, 1, '2023-11-13', '07:00:00', '12:15:00', 0, 6, 'S', NULL, NULL),
(1816, 22, 1, '2023-11-13', '07:00:00', '12:15:00', 6, 0, NULL, NULL, NULL),
(1817, 23, 1, '2023-11-13', '07:00:00', '12:15:00', 6, 0, NULL, NULL, NULL),
(1818, 24, 1, '2023-11-13', '07:00:00', '12:15:00', 6, 0, NULL, NULL, NULL),
(1819, 25, 1, '2023-11-13', '07:00:00', '12:15:00', 0, 6, 'S', NULL, NULL),
(1820, 26, 1, '2023-11-13', '07:00:00', '12:15:00', 6, 0, NULL, NULL, NULL),
(1821, 1, 2, '2023-11-13', '13:00:00', '18:00:00', 5, 0, NULL, NULL, NULL),
(1822, 2, 2, '2023-11-13', '13:00:00', '18:00:00', 5, 0, NULL, NULL, NULL),
(1823, 3, 2, '2023-11-13', '13:00:00', '18:00:00', 5, 0, NULL, NULL, NULL),
(1824, 4, 2, '2023-11-13', '13:00:00', '18:00:00', 5, 0, NULL, NULL, NULL),
(1825, 5, 2, '2023-11-13', '13:00:00', '18:00:00', 5, 0, '', NULL, NULL),
(1826, 6, 2, '2023-11-13', '13:00:00', '18:00:00', 5, 0, NULL, NULL, NULL),
(1827, 7, 2, '2023-11-13', '13:00:00', '18:00:00', 5, 0, NULL, NULL, NULL),
(1828, 8, 2, '2023-11-13', '13:00:00', '18:00:00', 0, 5, 'S', NULL, NULL),
(1829, 9, 2, '2023-11-13', '13:00:00', '18:00:00', 5, 0, NULL, NULL, NULL),
(1830, 10, 2, '2023-11-13', '13:00:00', '18:00:00', 5, 0, NULL, NULL, NULL),
(1831, 11, 2, '2023-11-13', '13:00:00', '18:00:00', 5, 0, NULL, NULL, NULL),
(1832, 12, 2, '2023-11-13', '13:00:00', '18:00:00', 5, 0, NULL, NULL, NULL),
(1833, 13, 2, '2023-11-13', '13:00:00', '18:00:00', 5, 0, NULL, NULL, NULL),
(1834, 14, 2, '2023-11-13', '13:00:00', '18:00:00', 5, 0, NULL, NULL, NULL),
(1835, 15, 2, '2023-11-13', '13:00:00', '18:00:00', 5, 0, NULL, NULL, NULL),
(1836, 16, 2, '2023-11-13', '13:00:00', '18:00:00', 5, 0, NULL, NULL, NULL),
(1837, 17, 2, '2023-11-13', '13:00:00', '18:00:00', 5, 0, NULL, NULL, NULL),
(1838, 18, 2, '2023-11-13', '13:00:00', '18:00:00', 5, 0, NULL, NULL, NULL),
(1839, 19, 2, '2023-11-13', '13:00:00', '18:00:00', 5, 0, NULL, NULL, NULL),
(1840, 20, 2, '2023-11-13', '13:00:00', '18:00:00', 5, 0, NULL, NULL, NULL),
(1841, 21, 2, '2023-11-13', '13:00:00', '18:00:00', 0, 5, 'S', NULL, NULL),
(1842, 22, 2, '2023-11-13', '13:00:00', '18:00:00', 5, 0, NULL, NULL, NULL),
(1843, 23, 2, '2023-11-13', '13:00:00', '18:00:00', 5, 0, NULL, NULL, NULL),
(1844, 24, 2, '2023-11-13', '13:00:00', '18:00:00', 5, 0, NULL, NULL, NULL),
(1845, 25, 2, '2023-11-13', '13:00:00', '18:00:00', 0, 5, 'S', NULL, NULL),
(1846, 26, 2, '2023-11-13', '13:00:00', '18:00:00', 5, 0, NULL, NULL, NULL),
(1847, 1, 3, '2023-11-14', '07:00:00', '10:35:00', 4, 0, NULL, NULL, NULL),
(1848, 2, 3, '2023-11-14', '07:00:00', '10:35:00', 4, 0, NULL, NULL, NULL),
(1849, 3, 3, '2023-11-14', '07:00:00', '10:35:00', 4, 0, NULL, NULL, NULL),
(1850, 4, 3, '2023-11-14', '07:00:00', '10:35:00', 4, 0, NULL, NULL, NULL),
(1851, 5, 3, '2023-11-14', '07:00:00', '10:35:00', 4, 0, '', NULL, NULL),
(1852, 6, 3, '2023-11-14', '07:00:00', '10:35:00', 4, 0, NULL, NULL, NULL),
(1853, 7, 3, '2023-11-14', '07:00:00', '10:35:00', 4, 0, NULL, NULL, NULL),
(1854, 8, 3, '2023-11-14', '07:00:00', '10:35:00', 0, 4, 'S', NULL, NULL),
(1855, 9, 3, '2023-11-14', '07:00:00', '10:35:00', 4, 0, NULL, NULL, NULL),
(1856, 10, 3, '2023-11-14', '07:00:00', '10:35:00', 4, 0, NULL, NULL, NULL),
(1857, 11, 3, '2023-11-14', '07:00:00', '10:35:00', 4, 0, NULL, NULL, NULL),
(1858, 12, 3, '2023-11-14', '07:00:00', '10:35:00', 4, 0, NULL, NULL, NULL),
(1859, 13, 3, '2023-11-14', '07:00:00', '10:35:00', 4, 0, NULL, NULL, NULL),
(1860, 14, 3, '2023-11-14', '07:00:00', '10:35:00', 4, 0, NULL, NULL, NULL),
(1861, 15, 3, '2023-11-14', '07:00:00', '10:35:00', 4, 0, NULL, NULL, NULL),
(1862, 16, 3, '2023-11-14', '07:00:00', '10:35:00', 4, 0, NULL, NULL, NULL),
(1863, 17, 3, '2023-11-14', '07:00:00', '10:35:00', 4, 0, NULL, NULL, NULL),
(1864, 18, 3, '2023-11-14', '07:00:00', '10:35:00', 4, 0, NULL, NULL, NULL),
(1865, 19, 3, '2023-11-14', '07:00:00', '10:35:00', 4, 0, NULL, NULL, NULL),
(1866, 20, 3, '2023-11-14', '07:00:00', '10:35:00', 4, 0, NULL, NULL, NULL),
(1867, 21, 3, '2023-11-14', '07:00:00', '10:35:00', 0, 4, 'S', NULL, NULL),
(1868, 22, 3, '2023-11-14', '07:00:00', '10:35:00', 4, 0, NULL, NULL, NULL),
(1869, 23, 3, '2023-11-14', '07:00:00', '10:35:00', 4, 0, NULL, NULL, NULL),
(1870, 24, 3, '2023-11-14', '07:00:00', '10:35:00', 4, 0, NULL, NULL, NULL),
(1871, 25, 3, '2023-11-14', '07:00:00', '10:35:00', 0, 4, 'S', NULL, NULL),
(1872, 26, 3, '2023-11-14', '07:00:00', '10:35:00', 4, 0, NULL, NULL, NULL),
(1873, 1, 4, '2023-11-14', '10:35:00', '18:00:00', 7, 0, NULL, NULL, NULL),
(1874, 2, 4, '2023-11-14', '10:35:00', '18:00:00', 7, 0, NULL, NULL, NULL),
(1875, 3, 4, '2023-11-14', '10:35:00', '18:00:00', 7, 0, NULL, NULL, NULL),
(1876, 4, 4, '2023-11-14', '10:35:00', '18:00:00', 7, 0, NULL, NULL, NULL),
(1877, 5, 4, '2023-11-14', '10:35:00', '18:00:00', 7, 0, '', NULL, NULL),
(1878, 6, 4, '2023-11-14', '10:35:00', '18:00:00', 7, 0, NULL, NULL, NULL),
(1879, 7, 4, '2023-11-14', '10:35:00', '18:00:00', 7, 0, NULL, NULL, NULL),
(1880, 8, 4, '2023-11-14', '10:35:00', '18:00:00', 0, 7, 'S', NULL, NULL),
(1881, 9, 4, '2023-11-14', '10:35:00', '18:00:00', 7, 0, NULL, NULL, NULL),
(1882, 10, 4, '2023-11-14', '10:35:00', '18:00:00', 7, 0, NULL, NULL, NULL),
(1883, 11, 4, '2023-11-14', '10:35:00', '18:00:00', 7, 0, NULL, NULL, NULL),
(1884, 12, 4, '2023-11-14', '10:35:00', '18:00:00', 7, 0, NULL, NULL, NULL),
(1885, 13, 4, '2023-11-14', '10:35:00', '18:00:00', 7, 0, NULL, NULL, NULL),
(1886, 14, 4, '2023-11-14', '10:35:00', '18:00:00', 7, 0, NULL, NULL, NULL),
(1887, 15, 4, '2023-11-14', '10:35:00', '18:00:00', 7, 0, NULL, NULL, NULL),
(1888, 16, 4, '2023-11-14', '10:35:00', '18:00:00', 7, 0, NULL, NULL, NULL),
(1889, 17, 4, '2023-11-14', '10:35:00', '18:00:00', 7, 0, NULL, NULL, NULL),
(1890, 18, 4, '2023-11-14', '10:35:00', '18:00:00', 7, 0, NULL, NULL, NULL),
(1891, 19, 4, '2023-11-14', '10:35:00', '18:00:00', 7, 0, NULL, NULL, NULL),
(1892, 20, 4, '2023-11-14', '10:35:00', '18:00:00', 7, 0, NULL, NULL, NULL),
(1893, 21, 4, '2023-11-14', '10:35:00', '18:00:00', 0, 7, 'S', NULL, NULL),
(1894, 22, 4, '2023-11-14', '10:35:00', '18:00:00', 7, 0, NULL, NULL, NULL),
(1895, 23, 4, '2023-11-14', '10:35:00', '18:00:00', 7, 0, NULL, NULL, NULL),
(1896, 24, 4, '2023-11-14', '10:35:00', '18:00:00', 7, 0, NULL, NULL, NULL),
(1897, 25, 4, '2023-11-14', '10:35:00', '18:00:00', 0, 7, 'S', NULL, NULL),
(1898, 26, 4, '2023-11-14', '10:35:00', '18:00:00', 7, 0, NULL, NULL, NULL),
(1899, 1, 5, '2023-11-15', '07:00:00', '10:35:00', 4, 0, NULL, NULL, NULL),
(1900, 2, 5, '2023-11-15', '07:00:00', '10:35:00', 4, 0, NULL, NULL, NULL),
(1901, 3, 5, '2023-11-15', '07:00:00', '10:35:00', 4, 0, NULL, NULL, NULL),
(1902, 4, 5, '2023-11-15', '07:00:00', '10:35:00', 4, 0, NULL, NULL, NULL),
(1903, 5, 5, '2023-11-15', '07:00:00', '10:35:00', 4, 0, '', NULL, NULL),
(1904, 6, 5, '2023-11-15', '07:00:00', '10:35:00', 4, 0, NULL, NULL, NULL),
(1905, 7, 5, '2023-11-15', '07:00:00', '10:35:00', 4, 0, NULL, NULL, NULL),
(1906, 8, 5, '2023-11-15', '07:00:00', '10:35:00', 0, 4, 'S', NULL, NULL),
(1907, 9, 5, '2023-11-15', '07:00:00', '10:35:00', 4, 0, NULL, NULL, NULL),
(1908, 10, 5, '2023-11-15', '07:00:00', '10:35:00', 4, 0, NULL, NULL, NULL),
(1909, 11, 5, '2023-11-15', '07:00:00', '10:35:00', 4, 0, NULL, NULL, NULL),
(1910, 12, 5, '2023-11-15', '07:00:00', '10:35:00', 4, 0, NULL, NULL, NULL),
(1911, 13, 5, '2023-11-15', '07:00:00', '10:35:00', 4, 0, NULL, NULL, NULL),
(1912, 14, 5, '2023-11-15', '07:00:00', '10:35:00', 4, 0, NULL, NULL, NULL),
(1913, 15, 5, '2023-11-15', '07:00:00', '10:35:00', 4, 0, NULL, NULL, NULL),
(1914, 16, 5, '2023-11-15', '07:00:00', '10:35:00', 4, 0, NULL, NULL, NULL),
(1915, 17, 5, '2023-11-15', '07:00:00', '10:35:00', 4, 0, NULL, NULL, NULL),
(1916, 18, 5, '2023-11-15', '07:00:00', '10:35:00', 4, 0, NULL, NULL, NULL),
(1917, 19, 5, '2023-11-15', '07:00:00', '10:35:00', 4, 0, NULL, NULL, NULL),
(1918, 20, 5, '2023-11-15', '07:00:00', '10:35:00', 4, 0, NULL, NULL, NULL),
(1919, 21, 5, '2023-11-15', '07:00:00', '10:35:00', 0, 4, 'S', NULL, NULL),
(1920, 22, 5, '2023-11-15', '07:00:00', '10:35:00', 4, 0, NULL, NULL, NULL),
(1921, 23, 5, '2023-11-15', '07:00:00', '10:35:00', 4, 0, NULL, NULL, NULL),
(1922, 24, 5, '2023-11-15', '07:00:00', '10:35:00', 4, 0, NULL, NULL, NULL),
(1923, 25, 5, '2023-11-15', '07:00:00', '10:35:00', 0, 4, 'S', NULL, NULL),
(1924, 26, 5, '2023-11-15', '07:00:00', '10:35:00', 4, 0, NULL, NULL, NULL),
(1925, 1, 6, '2023-11-15', '10:35:00', '18:00:00', 7, 0, NULL, NULL, NULL),
(1926, 2, 6, '2023-11-15', '10:35:00', '18:00:00', 7, 0, NULL, NULL, NULL),
(1927, 3, 6, '2023-11-15', '10:35:00', '18:00:00', 7, 0, NULL, NULL, NULL),
(1928, 4, 6, '2023-11-15', '10:35:00', '18:00:00', 7, 0, NULL, NULL, NULL),
(1929, 5, 6, '2023-11-15', '10:35:00', '18:00:00', 7, 0, '', NULL, NULL),
(1930, 6, 6, '2023-11-15', '10:35:00', '18:00:00', 7, 0, NULL, NULL, NULL),
(1931, 7, 6, '2023-11-15', '10:35:00', '18:00:00', 7, 0, NULL, NULL, NULL),
(1932, 8, 6, '2023-11-15', '10:35:00', '18:00:00', 0, 7, 'S', NULL, NULL),
(1933, 9, 6, '2023-11-15', '10:35:00', '18:00:00', 7, 0, NULL, NULL, NULL),
(1934, 10, 6, '2023-11-15', '10:35:00', '18:00:00', 7, 0, NULL, NULL, NULL),
(1935, 11, 6, '2023-11-15', '10:35:00', '18:00:00', 7, 0, NULL, NULL, NULL),
(1936, 12, 6, '2023-11-15', '10:35:00', '18:00:00', 7, 0, NULL, NULL, NULL),
(1937, 13, 6, '2023-11-15', '10:35:00', '18:00:00', 7, 0, NULL, NULL, NULL),
(1938, 14, 6, '2023-11-15', '10:35:00', '18:00:00', 7, 0, NULL, NULL, NULL),
(1939, 15, 6, '2023-11-15', '10:35:00', '18:00:00', 7, 0, NULL, NULL, NULL),
(1940, 16, 6, '2023-11-15', '10:35:00', '18:00:00', 7, 0, NULL, NULL, NULL),
(1941, 17, 6, '2023-11-15', '10:35:00', '18:00:00', 7, 0, NULL, NULL, NULL),
(1942, 18, 6, '2023-11-15', '10:35:00', '18:00:00', 7, 0, NULL, NULL, NULL),
(1943, 19, 6, '2023-11-15', '10:35:00', '18:00:00', 7, 0, NULL, NULL, NULL),
(1944, 20, 6, '2023-11-15', '10:35:00', '18:00:00', 7, 0, NULL, NULL, NULL),
(1945, 21, 6, '2023-11-15', '10:35:00', '18:00:00', 0, 7, 'S', NULL, NULL),
(1946, 22, 6, '2023-11-15', '10:35:00', '18:00:00', 7, 0, NULL, NULL, NULL),
(1947, 23, 6, '2023-11-15', '10:35:00', '18:00:00', 7, 0, NULL, NULL, NULL),
(1948, 24, 6, '2023-11-15', '10:35:00', '18:00:00', 7, 0, NULL, NULL, NULL),
(1949, 25, 6, '2023-11-15', '10:35:00', '18:00:00', 0, 7, 'S', NULL, NULL),
(1950, 26, 6, '2023-11-15', '10:35:00', '18:00:00', 7, 0, NULL, NULL, NULL),
(1951, 1, 7, '2023-11-16', '07:00:00', '14:40:00', 8, 0, NULL, NULL, NULL),
(1952, 2, 7, '2023-11-16', '07:00:00', '14:40:00', 8, 0, NULL, NULL, NULL),
(1953, 3, 7, '2023-11-16', '07:00:00', '14:40:00', 8, 0, NULL, NULL, NULL),
(1954, 4, 7, '2023-11-16', '07:00:00', '14:40:00', 8, 0, NULL, NULL, NULL),
(1955, 5, 7, '2023-11-16', '07:00:00', '14:40:00', 8, 0, '', NULL, NULL),
(1956, 6, 7, '2023-11-16', '07:00:00', '14:40:00', 8, 0, NULL, NULL, NULL),
(1957, 7, 7, '2023-11-16', '07:00:00', '14:40:00', 8, 0, NULL, NULL, NULL),
(1958, 8, 7, '2023-11-16', '07:00:00', '14:40:00', 0, 8, 'S', NULL, NULL),
(1959, 9, 7, '2023-11-16', '07:00:00', '14:40:00', 8, 0, NULL, NULL, NULL),
(1960, 10, 7, '2023-11-16', '07:00:00', '14:40:00', 8, 0, NULL, NULL, NULL),
(1961, 11, 7, '2023-11-16', '07:00:00', '14:40:00', 8, 0, NULL, NULL, NULL),
(1962, 12, 7, '2023-11-16', '07:00:00', '14:40:00', 8, 0, NULL, NULL, NULL),
(1963, 13, 7, '2023-11-16', '07:00:00', '14:40:00', 8, 0, NULL, NULL, NULL),
(1964, 14, 7, '2023-11-16', '07:00:00', '14:40:00', 8, 0, NULL, NULL, NULL),
(1965, 15, 7, '2023-11-16', '07:00:00', '14:40:00', 8, 0, NULL, NULL, NULL),
(1966, 16, 7, '2023-11-16', '07:00:00', '14:40:00', 8, 0, NULL, NULL, NULL),
(1967, 17, 7, '2023-11-16', '07:00:00', '14:40:00', 8, 0, NULL, NULL, NULL),
(1968, 18, 7, '2023-11-16', '07:00:00', '14:40:00', 8, 0, NULL, NULL, NULL),
(1969, 19, 7, '2023-11-16', '07:00:00', '14:40:00', 8, 0, NULL, NULL, NULL),
(1970, 20, 7, '2023-11-16', '07:00:00', '14:40:00', 8, 0, NULL, NULL, NULL),
(1971, 21, 7, '2023-11-16', '07:00:00', '14:40:00', 0, 8, 'S', NULL, NULL),
(1972, 22, 7, '2023-11-16', '07:00:00', '14:40:00', 8, 0, NULL, NULL, NULL),
(1973, 23, 7, '2023-11-16', '07:00:00', '14:40:00', 8, 0, NULL, NULL, NULL),
(1974, 24, 7, '2023-11-16', '07:00:00', '14:40:00', 8, 0, NULL, NULL, NULL),
(1975, 25, 7, '2023-11-16', '07:00:00', '14:40:00', 0, 8, 'S', NULL, NULL),
(1976, 26, 7, '2023-11-16', '07:00:00', '14:40:00', 8, 0, NULL, NULL, NULL),
(1977, 1, 8, '2023-11-17', '07:00:00', '10:35:00', 4, 0, NULL, NULL, NULL),
(1978, 2, 8, '2023-11-17', '07:00:00', '10:35:00', 4, 0, NULL, NULL, NULL),
(1979, 3, 8, '2023-11-17', '07:00:00', '10:35:00', 4, 0, NULL, NULL, NULL),
(1980, 4, 8, '2023-11-17', '07:00:00', '10:35:00', 4, 0, NULL, NULL, NULL),
(1981, 5, 8, '2023-11-17', '07:00:00', '10:35:00', 4, 0, '', NULL, NULL),
(1982, 6, 8, '2023-11-17', '07:00:00', '10:35:00', 4, 0, NULL, NULL, NULL),
(1983, 7, 8, '2023-11-17', '07:00:00', '10:35:00', 4, 0, NULL, NULL, NULL),
(1984, 8, 8, '2023-11-17', '07:00:00', '10:35:00', 0, 4, 'S', NULL, NULL),
(1985, 9, 8, '2023-11-17', '07:00:00', '10:35:00', 4, 0, NULL, NULL, NULL),
(1986, 10, 8, '2023-11-17', '07:00:00', '10:35:00', 4, 0, NULL, NULL, NULL),
(1987, 11, 8, '2023-11-17', '07:00:00', '10:35:00', 4, 0, NULL, NULL, NULL),
(1988, 12, 8, '2023-11-17', '07:00:00', '10:35:00', 4, 0, NULL, NULL, NULL),
(1989, 13, 8, '2023-11-17', '07:00:00', '10:35:00', 4, 0, NULL, NULL, NULL),
(1990, 14, 8, '2023-11-17', '07:00:00', '10:35:00', 4, 0, NULL, NULL, NULL),
(1991, 15, 8, '2023-11-17', '07:00:00', '10:35:00', 4, 0, NULL, NULL, NULL),
(1992, 16, 8, '2023-11-17', '07:00:00', '10:35:00', 4, 0, NULL, NULL, NULL),
(1993, 17, 8, '2023-11-17', '07:00:00', '10:35:00', 4, 0, NULL, NULL, NULL),
(1994, 18, 8, '2023-11-17', '07:00:00', '10:35:00', 4, 0, NULL, NULL, NULL),
(1995, 19, 8, '2023-11-17', '07:00:00', '10:35:00', 4, 0, NULL, NULL, NULL),
(1996, 20, 8, '2023-11-17', '07:00:00', '10:35:00', 4, 0, NULL, NULL, NULL),
(1997, 21, 8, '2023-11-17', '07:00:00', '10:35:00', 0, 4, 'S', NULL, NULL),
(1998, 22, 8, '2023-11-17', '07:00:00', '10:35:00', 4, 0, NULL, NULL, NULL),
(1999, 23, 8, '2023-11-17', '07:00:00', '10:35:00', 4, 0, NULL, NULL, NULL),
(2000, 24, 8, '2023-11-17', '07:00:00', '10:35:00', 4, 0, NULL, NULL, NULL),
(2001, 25, 8, '2023-11-17', '07:00:00', '10:35:00', 0, 4, 'S', NULL, NULL),
(2002, 26, 8, '2023-11-17', '07:00:00', '10:35:00', 4, 0, NULL, NULL, NULL),
(2003, 1, 9, '2023-11-17', '10:35:00', '16:20:00', 4, 0, NULL, NULL, NULL),
(2004, 2, 9, '2023-11-17', '10:35:00', '16:20:00', 4, 0, NULL, NULL, NULL),
(2005, 3, 9, '2023-11-17', '10:35:00', '16:20:00', 4, 0, NULL, NULL, NULL),
(2006, 4, 9, '2023-11-17', '10:35:00', '16:20:00', 4, 0, NULL, NULL, NULL),
(2007, 5, 9, '2023-11-17', '10:35:00', '16:20:00', 4, 0, '', NULL, NULL),
(2008, 6, 9, '2023-11-17', '10:35:00', '16:20:00', 4, 0, NULL, NULL, NULL),
(2009, 7, 9, '2023-11-17', '10:35:00', '16:20:00', 4, 0, NULL, NULL, NULL),
(2010, 8, 9, '2023-11-17', '10:35:00', '16:20:00', 0, 4, 'S', NULL, NULL),
(2011, 9, 9, '2023-11-17', '10:35:00', '16:20:00', 4, 0, NULL, NULL, NULL),
(2012, 10, 9, '2023-11-17', '10:35:00', '16:20:00', 4, 0, NULL, NULL, NULL),
(2013, 11, 9, '2023-11-17', '10:35:00', '16:20:00', 4, 0, NULL, NULL, NULL),
(2014, 12, 9, '2023-11-17', '10:35:00', '16:20:00', 4, 0, NULL, NULL, NULL),
(2015, 13, 9, '2023-11-17', '10:35:00', '16:20:00', 4, 0, NULL, NULL, NULL),
(2016, 14, 9, '2023-11-17', '10:35:00', '16:20:00', 4, 0, NULL, NULL, NULL),
(2017, 15, 9, '2023-11-17', '10:35:00', '16:20:00', 4, 0, NULL, NULL, NULL),
(2018, 16, 9, '2023-11-17', '10:35:00', '16:20:00', 4, 0, NULL, NULL, NULL),
(2019, 17, 9, '2023-11-17', '10:35:00', '16:20:00', 4, 0, NULL, NULL, NULL);
INSERT INTO `presensis` (`id_presensi`, `id_mhs`, `id_tahun_ajar`, `tgl`, `start_kls`, `finish_kls`, `kehadiran`, `ketidakhadiran`, `status`, `created_at`, `updated_at`) VALUES
(2020, 18, 9, '2023-11-17', '10:35:00', '16:20:00', 4, 0, NULL, NULL, NULL),
(2021, 19, 9, '2023-11-17', '10:35:00', '16:20:00', 4, 0, NULL, NULL, NULL),
(2022, 20, 9, '2023-11-17', '10:35:00', '16:20:00', 4, 0, NULL, NULL, NULL),
(2023, 21, 9, '2023-11-17', '10:35:00', '16:20:00', 0, 4, 'S', NULL, NULL),
(2024, 22, 9, '2023-11-17', '10:35:00', '16:20:00', 4, 0, NULL, NULL, NULL),
(2025, 23, 9, '2023-11-17', '10:35:00', '16:20:00', 4, 0, NULL, NULL, NULL),
(2026, 24, 9, '2023-11-17', '10:35:00', '16:20:00', 4, 0, NULL, NULL, NULL),
(2027, 25, 9, '2023-11-17', '10:35:00', '16:20:00', 0, 4, 'S', NULL, NULL),
(2028, 26, 9, '2023-11-17', '10:35:00', '16:20:00', 4, 0, NULL, NULL, NULL),
(2029, 1, 10, '2023-11-17', '16:20:00', '18:00:00', 2, 0, NULL, NULL, NULL),
(2030, 2, 10, '2023-11-17', '16:20:00', '18:00:00', 2, 0, NULL, NULL, NULL),
(2031, 3, 10, '2023-11-17', '16:20:00', '18:00:00', 2, 0, NULL, NULL, NULL),
(2032, 4, 10, '2023-11-17', '16:20:00', '18:00:00', 2, 0, NULL, NULL, NULL),
(2033, 5, 10, '2023-11-17', '16:20:00', '18:00:00', 2, 0, '', NULL, NULL),
(2034, 6, 10, '2023-11-17', '16:20:00', '18:00:00', 2, 0, NULL, NULL, NULL),
(2035, 7, 10, '2023-11-17', '16:20:00', '18:00:00', 2, 0, NULL, NULL, NULL),
(2036, 8, 10, '2023-11-17', '16:20:00', '18:00:00', 2, 6, 'S', NULL, NULL),
(2037, 9, 10, '2023-11-17', '16:20:00', '18:00:00', 2, 0, NULL, NULL, NULL),
(2038, 10, 10, '2023-11-17', '16:20:00', '18:00:00', 2, 0, NULL, NULL, NULL),
(2039, 11, 10, '2023-11-17', '16:20:00', '18:00:00', 2, 0, NULL, NULL, NULL),
(2040, 12, 10, '2023-11-17', '16:20:00', '18:00:00', 2, 0, NULL, NULL, NULL),
(2041, 13, 10, '2023-11-17', '16:20:00', '18:00:00', 2, 0, NULL, NULL, NULL),
(2042, 14, 10, '2023-11-17', '16:20:00', '18:00:00', 2, 0, NULL, NULL, NULL),
(2043, 15, 10, '2023-11-17', '16:20:00', '18:00:00', 2, 0, NULL, NULL, NULL),
(2044, 16, 10, '2023-11-17', '16:20:00', '18:00:00', 2, 0, NULL, NULL, NULL),
(2045, 17, 10, '2023-11-17', '16:20:00', '18:00:00', 2, 0, NULL, NULL, NULL),
(2046, 18, 10, '2023-11-17', '16:20:00', '18:00:00', 2, 0, NULL, NULL, NULL),
(2047, 19, 10, '2023-11-17', '16:20:00', '18:00:00', 2, 0, NULL, NULL, NULL),
(2048, 20, 10, '2023-11-17', '16:20:00', '18:00:00', 2, 0, NULL, NULL, NULL),
(2049, 21, 10, '2023-11-17', '16:20:00', '18:00:00', 2, 6, 'S', NULL, NULL),
(2050, 22, 10, '2023-11-17', '16:20:00', '18:00:00', 2, 0, NULL, NULL, NULL),
(2051, 23, 10, '2023-11-17', '16:20:00', '18:00:00', 2, 0, NULL, NULL, NULL),
(2052, 24, 10, '2023-11-17', '16:20:00', '18:00:00', 2, 0, NULL, NULL, NULL),
(2053, 25, 10, '2023-11-17', '16:20:00', '18:00:00', 2, 6, 'S', NULL, NULL),
(2054, 26, 10, '2023-11-17', '16:20:00', '18:00:00', 2, 0, NULL, NULL, NULL),
(2309, 69, 11, '2023-11-13', '07:39:00', '11:00:00', 5, 0, NULL, NULL, NULL),
(2310, 70, 11, '2023-11-13', '07:39:00', '11:00:00', 5, 0, NULL, NULL, NULL),
(2311, 71, 11, '2023-11-13', '07:39:00', '11:00:00', 5, 0, NULL, NULL, NULL),
(2312, 72, 11, '2023-11-13', '07:39:00', '11:00:00', 5, 0, NULL, NULL, NULL),
(2313, 73, 11, '2023-11-13', '07:39:00', '11:00:00', 5, 0, NULL, NULL, NULL),
(2314, 74, 11, '2023-11-13', '07:39:00', '11:00:00', 5, 0, NULL, NULL, NULL),
(2315, 75, 11, '2023-11-13', '07:39:00', '11:00:00', 5, 0, NULL, NULL, NULL),
(2316, 76, 11, '2023-11-13', '07:39:00', '11:00:00', 5, 0, NULL, NULL, NULL),
(2317, 77, 11, '2023-11-13', '07:39:00', '11:00:00', 5, 0, NULL, NULL, NULL),
(2318, 78, 11, '2023-11-13', '07:39:00', '11:00:00', 5, 0, NULL, NULL, NULL),
(2319, 79, 11, '2023-11-13', '07:39:00', '11:00:00', 5, 0, NULL, NULL, NULL),
(2320, 80, 11, '2023-11-13', '07:39:00', '11:00:00', 3, 2, 'I', NULL, NULL),
(2321, 81, 11, '2023-11-13', '07:39:00', '11:00:00', 5, 0, NULL, NULL, NULL),
(2322, 82, 11, '2023-11-13', '07:39:00', '11:00:00', 5, 0, NULL, NULL, NULL),
(2323, 83, 11, '2023-11-13', '07:39:00', '11:00:00', 5, 0, NULL, NULL, NULL),
(2324, 85, 11, '2023-11-13', '07:39:00', '11:00:00', 5, 0, NULL, NULL, NULL),
(2325, 86, 11, '2023-11-13', '07:39:00', '11:00:00', 5, 0, NULL, NULL, NULL),
(2326, 87, 11, '2023-11-13', '07:39:00', '11:00:00', 5, 0, NULL, NULL, NULL),
(2327, 88, 11, '2023-11-13', '07:39:00', '11:00:00', 5, 0, NULL, NULL, NULL),
(2328, 89, 11, '2023-11-13', '07:39:00', '11:00:00', 5, 0, NULL, NULL, NULL),
(2329, 90, 11, '2023-11-13', '07:39:00', '11:00:00', 5, 0, NULL, NULL, NULL),
(2330, 91, 11, '2023-11-13', '07:39:00', '11:00:00', 5, 0, NULL, NULL, NULL),
(2331, 92, 11, '2023-11-13', '07:39:00', '11:00:00', 5, 0, NULL, NULL, NULL),
(2332, 93, 11, '2023-11-13', '07:39:00', '11:00:00', 5, 0, NULL, NULL, NULL),
(2333, 94, 11, '2023-11-13', '07:39:00', '11:00:00', 5, 0, NULL, NULL, NULL),
(2334, 95, 11, '2023-11-13', '07:39:00', '11:00:00', 5, 0, NULL, NULL, NULL),
(2523, 1, 6, '2023-11-22', '09:44:45', NULL, NULL, 7, 'A', '2023-11-22 02:44:45', '2023-11-22 02:44:45'),
(2524, 2, 6, '2023-11-22', '09:44:45', NULL, NULL, 7, 'A', '2023-11-22 02:44:45', '2023-11-22 02:44:45'),
(2525, 3, 6, '2023-11-22', '09:44:45', NULL, NULL, 7, 'A', '2023-11-22 02:44:45', '2023-11-22 02:44:45'),
(2526, 4, 6, '2023-11-22', '09:44:45', NULL, 7, 0, NULL, '2023-11-22 02:44:45', '2023-11-22 02:44:45'),
(2527, 5, 6, '2023-11-22', '09:44:45', NULL, NULL, 7, '', '2023-11-22 02:44:45', '2023-11-22 02:44:45'),
(2528, 6, 6, '2023-11-22', '09:44:45', NULL, NULL, 7, 'A', '2023-11-22 02:44:45', '2023-11-22 02:44:45'),
(2529, 7, 6, '2023-11-22', '09:44:45', NULL, NULL, 7, 'A', '2023-11-22 02:44:45', '2023-11-22 02:44:45'),
(2530, 8, 6, '2023-11-22', '09:44:45', NULL, NULL, 7, 'A', '2023-11-22 02:44:45', '2023-11-22 02:44:45'),
(2531, 9, 6, '2023-11-22', '09:44:45', NULL, NULL, 7, 'A', '2023-11-22 02:44:45', '2023-11-22 02:44:45'),
(2532, 10, 6, '2023-11-22', '09:44:45', NULL, NULL, 7, 'A', '2023-11-22 02:44:45', '2023-11-22 02:44:45'),
(2533, 11, 6, '2023-11-22', '09:44:45', NULL, NULL, 7, 'A', '2023-11-22 02:44:45', '2023-11-22 02:44:45'),
(2534, 12, 6, '2023-11-22', '09:44:45', NULL, NULL, 7, 'A', '2023-11-22 02:44:45', '2023-11-22 02:44:45'),
(2535, 13, 6, '2023-11-22', '09:44:45', NULL, NULL, 7, 'A', '2023-11-22 02:44:45', '2023-11-22 02:44:45'),
(2536, 14, 6, '2023-11-22', '09:44:45', NULL, NULL, 7, 'A', '2023-11-22 02:44:45', '2023-11-22 02:44:45'),
(2537, 15, 6, '2023-11-22', '09:44:45', NULL, NULL, 7, 'A', '2023-11-22 02:44:45', '2023-11-22 02:44:45'),
(2538, 16, 6, '2023-11-22', '09:44:45', NULL, NULL, 7, 'A', '2023-11-22 02:44:45', '2023-11-22 02:44:45'),
(2539, 17, 6, '2023-11-22', '09:44:45', NULL, NULL, 7, 'A', '2023-11-22 02:44:45', '2023-11-22 02:44:45'),
(2540, 18, 6, '2023-11-22', '09:44:45', NULL, NULL, 7, 'A', '2023-11-22 02:44:45', '2023-11-22 02:44:45'),
(2541, 19, 6, '2023-11-22', '09:44:45', NULL, NULL, 7, 'A', '2023-11-22 02:44:45', '2023-11-22 02:44:45'),
(2542, 20, 6, '2023-11-22', '09:44:45', NULL, NULL, 7, 'A', '2023-11-22 02:44:45', '2023-11-22 02:44:45'),
(2543, 21, 6, '2023-11-22', '09:44:45', NULL, NULL, 7, 'A', '2023-11-22 02:44:45', '2023-11-22 02:44:45'),
(2544, 22, 6, '2023-11-22', '09:44:45', NULL, NULL, 7, 'A', '2023-11-22 02:44:45', '2023-11-22 02:44:45'),
(2545, 23, 6, '2023-11-22', '09:44:45', NULL, NULL, 7, 'A', '2023-11-22 02:44:45', '2023-11-22 02:44:45'),
(2546, 24, 6, '2023-11-22', '09:44:45', NULL, NULL, 7, 'A', '2023-11-22 02:44:45', '2023-11-22 02:44:45'),
(2547, 25, 6, '2023-11-22', '09:44:45', NULL, NULL, 7, 'A', '2023-11-22 02:44:45', '2023-11-22 02:44:45'),
(2548, 26, 6, '2023-11-22', '09:44:45', NULL, NULL, 7, 'A', '2023-11-22 02:44:45', '2023-11-22 02:44:45');

-- --------------------------------------------------------

--
-- Table structure for table `revisi_presensi`
--

CREATE TABLE `revisi_presensi` (
  `id_revisi_presensi` bigint(20) NOT NULL,
  `id_presensi` bigint(20) NOT NULL,
  `tanggal_revisi` date NOT NULL,
  `status` enum('diajukan','menunggu_verif','disetujui') DEFAULT NULL,
  `bukti_revisi` varchar(255) NOT NULL,
  `revisi` varchar(255) NOT NULL,
  `created_at` timestamp NULL DEFAULT NULL,
  `updated_at` timestamp NULL DEFAULT NULL
) ENGINE=InnoDB DEFAULT CHARSET=utf8mb4 COLLATE=utf8mb4_general_ci;

-- --------------------------------------------------------

--
-- Table structure for table `sessions`
--

CREATE TABLE `sessions` (
  `id` varchar(255) NOT NULL,
  `user_id` bigint(20) UNSIGNED DEFAULT NULL,
  `ip_address` varchar(45) DEFAULT NULL,
  `user_agent` text DEFAULT NULL,
  `payload` longtext NOT NULL,
  `last_activity` int(11) NOT NULL
) ENGINE=InnoDB DEFAULT CHARSET=utf8mb4 COLLATE=utf8mb4_unicode_ci;

-- --------------------------------------------------------

--
-- Table structure for table `sp`
--

CREATE TABLE `sp` (
  `id_sp` bigint(20) UNSIGNED NOT NULL,
  `id_mahasiswa` bigint(20) UNSIGNED NOT NULL,
  `id_dosen_PA` bigint(20) UNSIGNED NOT NULL,
  `jenis_sp` enum('1','2','3') NOT NULL,
  `lamp_sp` varchar(255) NOT NULL,
  `lamp_surat_pernyataan` varchar(255) NOT NULL,
  `lamp_pgl_ortu` varchar(255) NOT NULL,
  `lamp_ba_ortu` varchar(255) NOT NULL,
  `status` enum('1','2') NOT NULL,
  `created_at` timestamp NULL DEFAULT NULL,
  `updated_at` timestamp NULL DEFAULT NULL
) ENGINE=InnoDB DEFAULT CHARSET=utf8mb4 COLLATE=utf8mb4_general_ci;

-- --------------------------------------------------------

--
-- Table structure for table `users`
--

CREATE TABLE `users` (
  `id` bigint(20) UNSIGNED NOT NULL,
  `role` int(11) NOT NULL,
  `name` varchar(255) NOT NULL,
  `nomor_induk` varchar(255) NOT NULL,
  `email` varchar(100) DEFAULT NULL,
  `email_verified_at` timestamp NULL DEFAULT NULL,
  `password` varchar(255) NOT NULL,
  `remember_token` varchar(100) DEFAULT NULL,
  `created_at` timestamp NULL DEFAULT NULL,
  `updated_at` timestamp NULL DEFAULT NULL
) ENGINE=InnoDB DEFAULT CHARSET=utf8mb4 COLLATE=utf8mb4_unicode_ci;

--
-- Dumping data for table `users`
--

INSERT INTO `users` (`id`, `role`, `name`, `nomor_induk`, `email`, `email_verified_at`, `password`, `remember_token`, `created_at`, `updated_at`) VALUES
(1, 3, 'Azlina Asy Syifa', '3202116019', NULL, NULL, '$2y$12$BW55XUzj1AMZw5ubvmh1sOVUPLGGrCBXIVnAbbYo3ke3PiwCkRrmC', NULL, '2023-11-17 15:39:48', '2023-11-17 15:39:48'),
(2, 3, 'Agistra Arifur Rahman', '3202116023', NULL, NULL, '$2y$12$sVzMSpbQt4SpoLi6EQhfSuUn3GtKvKQ3nA5Lw2SYZ5WD61iS/MiQO', NULL, '2023-11-17 15:41:21', '2023-11-17 15:41:21'),
(3, 3, 'Muhammad Nozaldi Radika', '3202116024', NULL, NULL, '$2y$12$ueNtbSpCpek.GuGyG7T/kOX35R2X/pSt7TwNqrW2AaPMzXWdoclH2', NULL, '2023-11-17 15:41:53', '2023-11-17 15:41:53'),
(4, 3, 'Muhammad Fajar', '3202116025', NULL, NULL, '$2y$12$CBsQvyIACSLjKWx8Mj22euxvY7cssCRLcKpQaW5k5vPXSXcErXciu', NULL, '2023-11-17 15:42:03', '2023-11-17 15:42:03'),
(5, 3, 'Syahira', '3202116026', NULL, NULL, '$2y$12$os4HxcUKqScBrCjvRoECJuwrD0F8BZAwAxBFVWbH.5mugl1HflHSi', NULL, '2023-11-17 15:42:20', '2023-11-17 15:42:20'),
(6, 3, 'Muhammad Aprillahi Fedrian', '3202116027', NULL, NULL, '$2y$12$KEAuOYYn5aSUnJYL/Ks4s.yWf6A1E3YlyMMpfIdq3bQJJGql77F4O', NULL, '2023-11-17 15:42:35', '2023-11-17 15:42:35'),
(7, 3, 'Nuradinda El Taufiq', '3202116028', NULL, NULL, '$2y$12$uacqmFAPaXf8qvSl..m3jekxM6vajfuoy.0d2Q.wiPAexRnb0PcUy', NULL, '2023-11-17 15:43:23', '2023-11-17 15:43:23'),
(8, 3, 'Andre Ramadiansyah', '3202116037', NULL, NULL, '$2y$12$Fg.OG7LOXJ.Bn87Osirsh.BIj/bIhkXPWW.LjL/jdy6Evlet/44.C', NULL, '2023-11-17 15:43:43', '2023-11-17 15:43:43'),
(9, 3, 'Gusnaufal Razan', '3202116039', NULL, NULL, '$2y$12$PtDgYlHbO6BEnf1aq7Dtd.LMV5cjhTd2GefDsc.SL0n/0OQ5ebG6K', NULL, '2023-11-17 15:43:58', '2023-11-17 15:43:58'),
(10, 3, 'Syifa Firdassina', '3202116049', NULL, NULL, '$2y$12$ID3SWq.LNuYF3x2W.1VT6.lfwD1LzcVIuY66SzdonCMBDcrKV/fvS', NULL, '2023-11-17 15:54:30', '2023-11-17 15:54:30'),
(11, 3, 'Dayang Desti Damayanti', '3202116058', NULL, NULL, '$2y$12$Pn45RkXjGxDH1Dsd9TbcLObrMyT.oxHoYnm2arM22.QMr2ZsLitSe', NULL, '2023-11-17 15:55:44', '2023-11-17 15:55:44'),
(12, 3, 'Putri Nadila Suryani', '3202116060', NULL, NULL, '$2y$12$XOHzCFkuUTW.2L76.6Tz.e628K.ZP/OzG.RnBWtW/oTSPBiJkpGdu', NULL, '2023-11-17 15:56:00', '2023-11-17 15:56:00'),
(13, 3, 'Muhammad Vidi Rachman', '3202116061', NULL, NULL, '$2y$12$KO7e7ch9Ah1Z16fMQ.4DeOywsbcWJcuvTeNuLzqKj0cNep8e0JLAW', NULL, '2023-11-17 15:56:09', '2023-11-17 15:56:09'),
(14, 3, 'Herdini Nabila Kanesha', '3202116062', NULL, NULL, '$2y$12$Ujx/VRaDqDvVx289uhs0P.L5Ef0jXTDefbWsBdsfSchJ2Dy9oucJW', NULL, '2023-11-17 15:56:19', '2023-11-17 15:56:19'),
(15, 3, 'Novan Febrian', '3202116067', NULL, NULL, '$2y$12$lGsLSjBlDtlTnWCVz4WkwO9WCGIELoADRZlKy9QoScM.LAVVnefbC', NULL, '2023-11-17 15:56:29', '2023-11-17 15:56:29'),
(16, 3, 'Refrisna Maulia Azwar', '3202116069', NULL, NULL, '$2y$12$b1nKmCmoDeIqui8nXTAsweauJf8I6x1PY/Ik5VUelavg8z4Jdybou', NULL, '2023-11-17 15:56:50', '2023-11-17 15:56:50'),
(17, 3, 'Okta Maulana', '3202116074', NULL, NULL, '$2y$12$i9W.9V/5RaCcB0EPV3rQluOd2XwkXYMv2fOmq7vG/Inu39k9JKs.q', NULL, '2023-11-17 15:57:06', '2023-11-17 15:57:06'),
(18, 3, 'Adita Lesmana', '3202116075', NULL, NULL, '$2y$12$eoTVlge/ylstz..HAQ/xzeB..W0WhbDLENyOrjxQyekJyhbRuDDAm', NULL, '2023-11-17 15:57:14', '2023-11-17 15:57:14'),
(19, 3, 'Febriansyah', '3202116078', NULL, NULL, '$2y$12$2brpOVzRyC8Y3iKUpO.2puWVIfHz5tthWtKLElktxajZFDCxJ0bzy', NULL, '2023-11-17 15:57:22', '2023-11-17 15:57:22'),
(20, 3, 'Maria Utri', '3202116104', NULL, NULL, '$2y$12$qN8TzRvXoapfoCO2IBPWTuropjS5Oql/hkcZvADsgG8p3SQNRWmjS', NULL, '2023-11-17 15:57:30', '2023-11-17 15:57:30'),
(21, 3, 'Aufa Daifullah', '3202116109', NULL, NULL, '$2y$12$BbLW2ZdAffO.Q2BJiRXl/OGcPXf302C59EPKEgc/AtwT.cVafIWre', NULL, '2023-11-17 15:57:51', '2023-11-17 15:57:51'),
(22, 3, 'Muhammad Abdul Warits', '3202116110', NULL, NULL, '$2y$12$gcjcucZElo0qFN/ERLVqJeW//Vjc6tnX9CmWQCyChcLq.coRvyAyq', NULL, '2023-11-17 15:58:10', '2023-11-17 15:58:10'),
(23, 3, 'Harry Anggara M.D', '3202116111', NULL, NULL, '$2y$12$U.N3VRWkfTnI5Y1GAD/3VuPLWbvR6dJAr7V7ItQgya440fPUTc446', NULL, '2023-11-17 15:58:20', '2023-11-17 15:58:20'),
(24, 3, 'Septiadi Hendra Saputra', '3202116112', NULL, NULL, '$2y$12$/aPqFNf5oNiWVqDdt7qG6ulkOB2fD4pS.sMRjkEsxQsGwMveWPn8m', NULL, '2023-11-17 15:58:28', '2023-11-17 15:58:28'),
(25, 3, 'Immanuel Barus', '3202116113', NULL, NULL, '$2y$12$.IRxKcDqovrwgWWdxeNIFeExs3O9DJ70gvOgWW.2UtBI95tRFX4oW', NULL, '2023-11-17 15:58:36', '2023-11-17 15:58:36'),
(26, 3, 'Eka Oktavia', '3202016017', NULL, NULL, '$2y$12$dfyR3H.KXbsAQWDIw2yBFOIf2bSFB1yioRSqtSuDHYoS077vSJJHu', NULL, '2023-11-17 15:58:44', '2023-11-17 15:58:44'),
(27, 3, 'Nada Nurramdhani Rosmita', '3202116123', NULL, NULL, '$2y$12$0bfCSNu6Vc0wXXh9HoJ9MOjAcf.Q5tmvfxd9F1TtpNSrSTYHIb44C', NULL, '2023-11-17 15:59:08', '2023-11-17 15:59:08'),
(28, 3, 'Dede Parwadi', '3202116124', NULL, NULL, '$2y$12$wviiyNFageSunOEKdZram.xoN626yaoJxcYvQgZbUu.45.IX.gODe', NULL, '2023-11-17 15:59:17', '2023-11-17 15:59:17'),
(29, 3, 'Putri Yani', '3202116125', NULL, NULL, '$2y$12$VVtYpIQprU3xAHdT951qneZWmHqQJEXqDAqqZY.kcrBXv9LnQEPAC', NULL, '2023-11-17 15:59:26', '2023-11-17 15:59:26'),
(30, 3, 'Uray Tedy Aimar', '3202116126', NULL, NULL, '$2y$12$XSB89BEnS0QvszyZRnM7tujkhGsZl17B2BTYOKPwrXwC3xCTNTkpy', NULL, '2023-11-17 15:59:33', '2023-11-17 15:59:33'),
(31, 3, 'Rfika Dwi Juni', '3202116127', NULL, NULL, '$2y$12$QHXOHse1LO6dvDWDPv4q1uwgiIgMUuBFCWgAQTarJBZzUMn.k5aFS', NULL, '2023-11-17 15:59:56', '2023-11-17 15:59:56'),
(32, 3, 'Muhammad Yusni', '3202116129', NULL, NULL, '$2y$12$BhVIy6ukJd9BE/vWf1PUsu8u3GhdhdOp5PALdzSdqhCbhxICJd0vG', NULL, '2023-11-17 16:00:10', '2023-11-17 16:00:10'),
(33, 3, 'Azfa Mahendri', '3202116130', NULL, NULL, '$2y$12$uWwFoQZ5fnG6URTPyWxRvu8TjziIGDqmHea9lMfGhJ7ikXjOO4wOO', NULL, '2023-11-17 16:00:20', '2023-11-17 16:00:20'),
(34, 3, 'Sky Aria Whijaya', '3202116132', NULL, NULL, '$2y$12$p0dzZnDVhOi76eIK18zeFut9MpwyKV9DqN73oZ9kQ0M5YX1lcG0vq', NULL, '2023-11-17 16:00:30', '2023-11-17 16:00:30'),
(35, 3, 'Tia Wiji Lestari', '3202116133', NULL, NULL, '$2y$12$G0qYEtkfnvw4/205iyWj2OBpm.wvk3k8VkxUCM2UJ.AsdcumJ0hyC', NULL, '2023-11-17 16:00:37', '2023-11-17 16:00:37'),
(36, 3, 'Michael Angelie Pantouw', '3202116134', NULL, NULL, '$2y$12$DY1lGsA0UVucXW9ilp//b.a5HTUEVzJGvd0ASRhoX2Xs/SqbRTNP2', NULL, '2023-11-17 16:00:48', '2023-11-17 16:00:48'),
(37, 3, 'Ghalib Fawwaz Ramadhan', '3202116136', NULL, NULL, '$2y$12$9LRCv.skL6/9SMTzNvyDKeh7dazFoDmQLE2dfbLHhS4VLnRrjsSSu', NULL, '2023-11-17 16:00:55', '2023-11-17 16:00:55'),
(38, 3, 'Muhammad Ikhsan', '3202116137', NULL, NULL, '$2y$12$sVQgpvRNJx/27vifPGrf8.Cqh2HLco2UJ0BQIXEVRPn.KbxhknrPm', NULL, '2023-11-17 16:02:24', '2023-11-17 16:02:24'),
(39, 3, 'Ridho Faturrahman', '3202116011', NULL, NULL, '$2y$12$zKk/ERGZ6nEFEc6jATcQ/u.a6JTMvxEsDJjuoYilFl28DPm.BNiT2', NULL, '2023-11-17 16:02:32', '2023-11-17 16:02:32'),
(40, 3, 'Zidean Safwan Alfarozi', '3202116012', NULL, NULL, '$2y$12$xsY77.qOUhoue7SW9k3A4OBVirNbVzwo6okZ5GxhI3uVHGV29CNte', NULL, '2023-11-17 16:02:39', '2023-11-17 16:02:39'),
(41, 3, 'Rida Ramdayani', '3202116013', NULL, NULL, '$2y$12$u9vrCrOy9oDWDsKHkmWToePKRmb8uHzyCxPHUNC6Co4rUnyq30NRa', NULL, '2023-11-17 16:04:19', '2023-11-17 16:04:19'),
(42, 3, 'Muhammad Freza A Razak', '3202116015', NULL, NULL, '$2y$12$v.OJcM6xjcUTLUmPL7Ntye0NDnGZ1J3WezvEWZZWbnoFv44pepGXu', NULL, '2023-11-17 16:04:26', '2023-11-17 16:04:26'),
(43, 3, 'Surma Asbi', '3202116016', NULL, NULL, '$2y$12$99EQvE7A7ZU90eUCHAIzn.1ghrn5ng7sMxXC9LOYughy9rT2IaDQy', NULL, '2023-11-17 16:04:33', '2023-11-17 16:04:33'),
(44, 3, 'Mustika', '3202116017', NULL, NULL, '$2y$12$V4hkWvZzrd/xtt5i0KaDteeuxXGKYM.CteAWDgJfeNj0iwMC8Eee6', NULL, '2023-11-17 16:04:39', '2023-11-17 16:04:39'),
(45, 3, 'Dea Windiyanti', '3202116018', NULL, NULL, '$2y$12$bZBQk9dn3.DPz8XYIF4MEe.SUzhHJoeA/zZi4PnVMId7Ebp0vQylK', NULL, '2023-11-17 16:04:48', '2023-11-17 16:04:48'),
(46, 3, 'Hafiz Putra Pratama', '3202116021', NULL, NULL, '$2y$12$7Qw24AfMoW4x012Ecnp.k.dmRvrmCcphHaqBK/1U44y0Sais7nKw2', NULL, '2023-11-17 16:04:57', '2023-11-17 16:04:57'),
(47, 3, 'Ahmad Hayyunaji', '3202116022', NULL, NULL, '$2y$12$na8ysG/Z4H8ekqk5xsvtd.RIvBbSv0YFrJXaTBZFhugf7wbVuDRcS', NULL, '2023-11-17 16:05:08', '2023-11-17 16:05:08'),
(51, 3, 'Anggi Aminah Putri', '3202116048', NULL, NULL, '$2y$12$rfNPkxFbY03yNtuu5gVXv.taG8FJVlDY4jJe5QhjtNToSOMb8G2g2', NULL, '2023-11-17 16:06:28', '2023-11-17 16:06:28'),
(52, 3, 'Krisma', '3202116052', NULL, NULL, '$2y$12$h3zxMXG8P.1IqzB.4SRFku5Ed4xlhPUBv/27nFUZBjMzI3XvneI/S', NULL, '2023-11-17 16:09:17', '2023-11-17 16:09:17'),
(53, 3, 'Firza Febrian', '3202116055', NULL, NULL, '$2y$12$RJon67Aa/y.GXqdCWHmiv.PPLSpgH8Gm6ts3Cnc9S5spiI5eDNyg2', NULL, '2023-11-17 16:09:27', '2023-11-17 16:09:27'),
(54, 3, 'Resky Syarif Maulana', '3202116056', NULL, NULL, '$2y$12$dP0fG48qZybUqq8b05yczeE9k3FAjqNC42iPkq6l5KknawBEHR2fO', NULL, '2023-11-17 16:09:35', '2023-11-17 16:09:35'),
(55, 3, 'Siti Rahma Azmi', '3202116057', NULL, NULL, '$2y$12$Aoid.FIoEDH0QzvdlK7WN.rGdTB5XEZ.7.bCoM2LUEnMM6b.mEhqO', NULL, '2023-11-17 16:09:46', '2023-11-17 16:09:46'),
(56, 3, 'Haafizhar Al Fathan Syauqi', '3202116059', NULL, NULL, '$2y$12$CrMu7mqkXnLdRLH1Xb3L3O8MFGyS3S98s6P1cxCUu97PUeDKjKPbO', NULL, '2023-11-17 16:09:55', '2023-11-17 16:09:55'),
(57, 3, 'Muhammad Ridho Madani', '3202116063', NULL, NULL, '$2y$12$62pUPqkDSRqUuq13WBLAxuu9jSes8oUxfqRsVP8xiituDkMAOFft6', NULL, '2023-11-17 16:10:12', '2023-11-17 16:10:12'),
(58, 3, 'Raka Maulana Iqalvi', '3202116064', NULL, NULL, '$2y$12$4WieMVd0ntF4lcJmaXIQDOughBRZbES1Prby2xwzEp8LWxm0Gnmm.', NULL, '2023-11-17 16:10:19', '2023-11-17 16:10:19'),
(59, 3, 'Umar Hafis Syafilla', '3202116066', NULL, NULL, '$2y$12$BZYq6HVTMOqGUrTTwQu01uFQlJrqKYSZ5uo34wncObhDvogwvu7Mu', NULL, '2023-11-17 16:10:28', '2023-11-17 16:10:28'),
(60, 3, 'Elfa Cahya Jamiati', '3202116093', NULL, NULL, '$2y$12$7riDDdHZwAgJuRgNgrgYtOO.jwKq6AOnuw2B46KPN4Y5jIYUpdeje', NULL, '2023-11-17 16:10:34', '2023-11-17 16:10:34'),
(61, 3, 'Sany Adika Prayata', '3202116097', NULL, NULL, '$2y$12$Gokvx4KUYtZ0r.9aDr/cWeVyIyCfhTd928ubkaoaSCIlujHRK5kf2', NULL, '2023-11-17 16:10:45', '2023-11-17 16:10:45'),
(62, 3, 'Agung Sutiyo Sudrajad', '3202116098', NULL, NULL, '$2y$12$bQFnoj7AVm7PnooOxs/e/ep8PAihbhxXJea.RMAKWV6MZTAjTQjS6', NULL, '2023-11-17 16:10:53', '2023-11-17 16:10:53'),
(63, 3, 'Akmal Muhammad Ridho', '3202116099', NULL, NULL, '$2y$12$VLhd5hoZ4ndbxuhcBdcLTur2CJKIKN399LnJSqWJm/qQ9slyWQ0Oa', NULL, '2023-11-17 16:12:20', '2023-11-17 16:12:20'),
(64, 3, 'Hafiz Al Qadri', '3202116100', NULL, NULL, '$2y$12$ViX88femCfWQLl.b2mPia.GI5dTt7PJLfv0efd6mDJ1/IZEmYSdLa', NULL, '2023-11-17 16:12:27', '2023-11-17 16:12:27'),
(65, 3, 'Vendy Paulus Pratama', '3202116101', NULL, NULL, '$2y$12$z7S1ODrRdqd2B18iTovUseYaV2PixUZ7Pl14ho/UB6tlyWBKiM4T2', NULL, '2023-11-17 16:12:34', '2023-11-17 16:12:34'),
(66, 3, 'Chevin Suastika Sitorus', '3202116102', NULL, NULL, '$2y$12$HAzzeb45oa3AFkLMviV/zOeXsCOC8IVBusGXB3QBdfiCpUpa0YTAq', NULL, '2023-11-17 16:12:41', '2023-11-17 16:12:41'),
(67, 3, 'Fitri Ambarwati', '3202116103', NULL, NULL, '$2y$12$4zHTopQx.chD3OMQ0vWtj.85FR/ShHxBlz7QrGgvdJvDoMapwL5h2', NULL, '2023-11-17 16:12:50', '2023-11-17 16:12:50'),
(68, 3, 'Muhammad Haris Sulaiman', '3202116105', NULL, NULL, '$2y$12$tRVzimxYeSs6Q/1LW7MFRuYOJUjVsdwlIXCouju8TIzSsi3NcQvdW', NULL, '2023-11-17 16:12:57', '2023-11-17 16:12:57'),
(69, 3, 'Wadiiah Nurfadhilah', '3202116001', NULL, NULL, '$2y$12$exjkYmU2LqvLUT7TYZgAi.fnQAZPF7k.RLhNnWtcCiBVn50Mw11Lq', NULL, '2023-11-17 16:13:44', '2023-11-17 16:13:44'),
(70, 3, 'Arif Dwi Nugroho', '3202116002', NULL, NULL, '$2y$12$NWpkPE8rIn36BxnkDbxcie9q7erJ3TUbPMcDWyE2j3oClzrz.RJgG', NULL, '2023-11-17 16:14:19', '2023-11-17 16:14:19'),
(71, 3, 'Diva Calista', '3202116003', NULL, NULL, '$2y$12$f9wkhC/rSvY.tDS.1IBYier7C9gvhB7O7p5Hw8OcEAPfXY78bS1Ym', NULL, '2023-11-17 16:14:36', '2023-11-17 16:14:36'),
(72, 3, 'Rizky Ramadhan', '3202116004', NULL, NULL, '$2y$12$CiFXcfUjvqcxqdOf0FLRouyObdGiwdIOZJtHJp30b.9U/4TIy/J9e', NULL, '2023-11-17 16:14:48', '2023-11-17 16:14:48'),
(73, 3, 'Adi Suryadi', '3202116005', NULL, NULL, '$2y$12$1cOFAG90W.t2VJWM8qdByuVDM9YVcESXzQ6oJ3YCzaYjMKPKgzy.a', NULL, '2023-11-17 16:14:56', '2023-11-17 16:14:56'),
(74, 3, 'Natasha Melinda', '3202116006', NULL, NULL, '$2y$12$bsiCH23UXhUnC9ThYdU.LO.opBR0/2lSLHRvfZNcvCO7Cl3CdLgwy', NULL, '2023-11-17 16:15:03', '2023-11-17 16:15:03'),
(75, 3, 'Yachzee Aleandri Oktaurat Tarigan', '3202116008', NULL, NULL, '$2y$12$aBobh8adY6Pwnpxn2Jc73.QrtcSlo9nqSVI2ZEtxPzrSihjQD5Sgu', NULL, '2023-11-17 16:15:09', '2023-11-17 16:15:09'),
(76, 3, 'Sy.Muhammad Irfan', '3202116009', NULL, NULL, '$2y$12$pXzfT/4Hpmtp2EiZOueb5OOV6/oE5S3zEFb2NnNQA8AKa7pAQcq9G', NULL, '2023-11-17 16:15:42', '2023-11-17 16:15:42'),
(77, 3, 'Fiqri Raihan Nanda', '3202116010', NULL, NULL, '$2y$12$lrwfQQcyUfrxVST00G1WQetyYThS/NvLmonj2cA9Di26fVHdweg0C', NULL, '2023-11-17 16:15:48', '2023-11-17 16:15:48'),
(78, 3, 'Ashaf Fauzan Maulana', '3202116014', NULL, NULL, '$2y$12$fYUzw24BAqOPAK9UHDwEWOxFYPmsEJU0ckcOjBbyQVMpIhNcUnBAO', NULL, '2023-11-17 16:15:57', '2023-11-17 16:15:57'),
(79, 3, 'Iqbal Fiqri Ramadhan', '3202116035', NULL, NULL, '$2y$12$2qecFM0AP63fVUf/K4JMheqpfRdLJx0/8DjWxRcC.UV8wwVX4xsYO', NULL, '2023-11-17 16:16:05', '2023-11-17 16:16:05'),
(80, 3, 'Falaah Bintang Armen Harahap', '3202116036', NULL, NULL, '$2y$12$3gLT2l2XAnr8BnCfVPWw5eJNzZAF6XSuTMndoZ.udjIynM568/lSm', NULL, '2023-11-17 16:16:11', '2023-11-17 16:16:11'),
(81, 3, 'Weldy Flaminggo', '3202116038', NULL, NULL, '$2y$12$4jhd7Uix7wG6N9gjXAvgK.BbEAkjyEPefCswqTrheBR/dlGaUYwr6', NULL, '2023-11-17 16:16:18', '2023-11-17 16:16:18'),
(82, 3, 'Sabakti Okmalaputra', '3202116040', NULL, NULL, '$2y$12$25S.D3t8qgc60/ypi3ebiObCT8/hFPpv.g4JiXEsr6RXbYDFnzglO', NULL, '2023-11-17 16:16:25', '2023-11-17 16:16:25'),
(83, 3, 'Ridho Setiawan', '3202116042', NULL, NULL, '$2y$12$itQE.SBQVw2XBFG/1nid3./uPpAz/ABYtKwBirSAJopsGOuRl0cfq', NULL, '2023-11-17 16:16:34', '2023-11-17 16:16:34'),
(85, 3, 'Sharif Hidayat', '3202116043', NULL, NULL, '$2y$12$RW2JFLS7tUN7O80lOM6nC.KQelok52epGCiKT6q39/CAzs7BRTCWi', NULL, '2023-11-17 16:17:29', '2023-11-17 16:17:29'),
(86, 3, 'Novia Safitri', '3202116044', NULL, NULL, '$2y$12$Tngx93zpHo0J2yYJlhjSoOLHHis.AT.Xz5Hs0hZUmqFFGyoCMUZqe', NULL, '2023-11-17 16:17:57', '2023-11-17 16:17:57'),
(87, 3, 'Firman Hidayat', '3202116046', NULL, NULL, '$2y$12$10O5YZ3Z.JzJFkFU/WktxOFOaDJbCy1bn2o4pEx0/8VEQ5zKdlJl6', NULL, '2023-11-17 16:18:02', '2023-11-17 16:18:02'),
(88, 3, 'Fahryan Bagus Ananda', '3202116051', NULL, NULL, '$2y$12$DQkOmDDygJ1wT9VKF2FYIup/vcR9Z30uqXQ6fPi4Tp4shzkhwSm.O', NULL, '2023-11-17 16:18:09', '2023-11-17 16:18:09'),
(89, 3, 'Agustia Lita', '3202116085', NULL, NULL, '$2y$12$4xEGs3vOc3IU39yTnao99.ZJAxpLASsybeO/o6r9jVL9ZN0EFyHfi', NULL, '2023-11-17 16:18:15', '2023-11-17 16:18:15'),
(90, 3, 'Fajri Maulana Harris', '3202116087', NULL, NULL, '$2y$12$wjP9iD3WB.xMKPvPNHRfDefDu7TXrzYkl68hx9GKYn7i55NHINb3u', NULL, '2023-11-17 16:18:21', '2023-11-17 16:18:21'),
(91, 3, 'Jidan', '3202116088', NULL, NULL, '$2y$12$k/wRGKWA.dyJLwdx.hj73uxojvFxUi6ovgdygLyB0o4zH5bkuV1bi', NULL, '2023-11-17 16:18:26', '2023-11-17 16:18:26'),
(92, 3, 'Rudiyat', '3202116089', NULL, NULL, '$2y$12$RhdebnDy0JLwkVZoDHE5C.1jAXe5haFDc8jjIlFp4ge5d5wfYFUmO', NULL, '2023-11-17 16:18:34', '2023-11-17 16:18:34'),
(93, 3, 'M.Dedi Robyyanto', '3202116094', NULL, NULL, '$2y$12$gNkHacUTj6EsUDCoyHKZMu3Q7BSuerLvcqXzHA2TmMagZ5t338v1a', NULL, '2023-11-17 16:18:41', '2023-11-17 16:18:41'),
(94, 3, 'Nasrul Aditiya', '3202116095', NULL, NULL, '$2y$12$ErrBfgXs4t0neRKra.hZYufJxZRm2EIHf5gUjyJWfIRM7/Bk21v4e', NULL, '2023-11-17 16:18:48', '2023-11-17 16:18:48'),
(95, 3, 'Afillah Fahrur Robby', '3202016119', NULL, NULL, '$2y$12$3OJnaD1wmUZm38ecllVosuQFwMhYZsq7y4NIzxiIbtdqLkGzvFTAu', NULL, '2023-11-17 16:18:56', '2023-11-17 16:18:56'),
(96, 3, 'Naurah Adinda Aprilia', '3202116029', NULL, NULL, '$2y$12$Sn3apSAh9bTPKsSmUZzEU.sc8U.h3FXSSlNzufevMNbZem4WXEf5u', NULL, '2023-11-17 16:19:15', '2023-11-17 16:19:15'),
(97, 3, 'Aryo Wibowo', '3202116031', NULL, NULL, '$2y$12$08BuB6OMaKRh5GNl0pa7X.x9wbKat14opIfQ1F1be/xWf7.Bry8vm', NULL, '2023-11-17 16:19:22', '2023-11-17 16:19:22'),
(98, 3, 'Walillah', '3202116032', NULL, NULL, '$2y$12$wgkhmZC4d.oJCFjfeuIGWuFE1K0ci0771AZ0xPcAO/hKWs2Awf2pS', NULL, '2023-11-17 16:19:30', '2023-11-17 16:19:30'),
(99, 3, 'Ifdul Rahman', '3202116033', NULL, NULL, '$2y$12$xq3c.vwdgT3wHofazrdIGepPn/8XlonnwD5KXqf3/mkYv6lCsCe6m', NULL, '2023-11-17 16:19:37', '2023-11-17 16:19:37'),
(100, 3, 'Alzahri Okta Pratama', '3202116034', NULL, NULL, '$2y$12$LQ4oEmpulc/bRy74vWevheYZE7BMWJkmv5b9e1T3AvCZ9tzt6DWUS', NULL, '2023-11-17 16:19:48', '2023-11-17 16:19:48'),
(101, 3, 'Abdul Rohim', '3202116041', NULL, NULL, '$2y$12$XtgtiM9C87Tt0N9d3vE5suiuYi1aU/nEGmwNCay8ecUvbFdlme81m', NULL, '2023-11-17 16:20:01', '2023-11-17 16:20:01'),
(102, 3, 'Juwita', '3202116053', NULL, NULL, '$2y$12$23feiPRJQO.kk7TbDglNPefM8ldXzXK7Gtxj9zMFjtSedKQZI0Tpi', NULL, '2023-11-17 16:20:07', '2023-11-17 16:20:07'),
(103, 3, 'Nadia Sabrina', '3202116054', NULL, NULL, '$2y$12$cUO9IzN.qdjfu.Je2eNsm.XRmIZMsWpfBUtIthR/iBZIeKOtbS8PS', NULL, '2023-11-17 16:20:14', '2023-11-17 16:20:14'),
(104, 3, 'Dhesty Aulia Pinanti', '3202116068', NULL, NULL, '$2y$12$ZK9GyhskZoEtdu1iG7z.Ee6fKAesmrwUe9Y9qLYJUsaRsxSXaC8K.', NULL, '2023-11-17 16:20:22', '2023-11-17 16:20:22'),
(105, 3, 'Alda Rahmanita', '3202116076', NULL, NULL, '$2y$12$eu0px6UgsAy5tBoP2dBQKu4HGtLdp1jjOpDv1sTcMcu1KtSZiAjuC', NULL, '2023-11-17 16:20:32', '2023-11-17 16:20:32'),
(106, 3, 'Uchi Hardiana', '3202116077', NULL, NULL, '$2y$12$kqoDkHhPtJUNV06pTmVFR.n0gwdso2y1J83aTtCfz0AD.4dTkol2K', NULL, '2023-11-17 16:20:40', '2023-11-17 16:20:40'),
(107, 3, 'Naufal Nadhif', '3202116079', NULL, NULL, '$2y$12$8ruFCjzg6SczXsbzENYmOOiUK7DxU.XLZoBFnxXYY6MJpfJum/Rcm', NULL, '2023-11-17 16:20:49', '2023-11-17 16:20:49'),
(108, 3, 'Naufal Nadhif', '3202116080', NULL, NULL, '$2y$12$euxvnwPlp.PS4snhi2psIO19QbWRgORsoSOW3MDWUcuOzTC.LT4HK', NULL, '2023-11-17 16:20:55', '2023-11-17 16:20:55'),
(109, 3, 'Bima Andi Putra', '3202116080', NULL, NULL, '$2y$12$IWgFk6S0o8T.ct8fgu2npuYVKcwIBSxwpJCHXkHb8AByd2i4lm2IK', NULL, '2023-11-17 16:20:58', '2023-11-17 16:20:58'),
(110, 3, 'Asrul Nursalam', '3202116082', NULL, NULL, '$2y$12$ybbPsFgBZZH.vVLkR6cRnO8G35hcV.rECLglnVmPSxRpQPfqOoldi', NULL, '2023-11-17 16:21:07', '2023-11-17 16:21:07'),
(111, 3, 'Ahmad Choirudin', '3202116083', NULL, NULL, '$2y$12$gaBdYbMIyI.5zLuHMzHzuOCYd8vhty2KD4jZXOTy34yRvXgye2y.K', NULL, '2023-11-17 16:21:14', '2023-11-17 16:21:14'),
(112, 3, 'Azzam Wildan Mascaty', '3202116084', NULL, NULL, '$2y$12$0M5O0eFAVmqvyrRXPHxpQOXryPEf9SAjd1GIp/uQhDobXnIOSyNRu', NULL, '2023-11-17 16:21:21', '2023-11-17 16:21:21'),
(113, 3, 'Muhammad Alfa Rizky', '3202116090', NULL, NULL, '$2y$12$RfQMqj7yIm2dky8vjpZZ9.1.SzsM7Fd5Ovl0SwS14pv/HLhz1eczO', NULL, '2023-11-17 16:21:29', '2023-11-17 16:21:29'),
(114, 3, 'Rochmadi', '3202116091', NULL, NULL, '$2y$12$puwlzvKoqvGuKebQUrv.6OUbP1sHNLXZO8DzwDXis2NvMhusNh7nW', NULL, '2023-11-17 16:21:35', '2023-11-17 16:21:35'),
(115, 3, 'Nabila', '3202116107', NULL, NULL, '$2y$12$uqVJWbw84eCd91IMdO4igunaDamDFrf9.kCd5tciiazIeu1eqC/yC', NULL, '2023-11-17 16:21:52', '2023-11-17 16:21:52'),
(116, 3, 'Raisya Wandha Saputri', '3202116108', NULL, NULL, '$2y$12$.yZi/y5BSBJA.YFQRaJf..lXVO7FABtU4tBL20/H/8ZyBzmQMggrO', NULL, '2023-11-17 16:21:58', '2023-11-17 16:21:58'),
(117, 3, 'Rizki Alif Akhbar', '3202116115', NULL, NULL, '$2y$12$i.GqT5PK/stz1c.mT5x/SujUfeCOqyoNbfwfYDZh9hYoHYCftaOVC', NULL, '2023-11-17 16:22:15', '2023-11-17 16:22:15'),
(118, 3, 'Fachrul Mauliddin', '3202116116', NULL, NULL, '$2y$12$uI.JE5ZuZ6X/IoGAzq8fju9W25SRVR8/2RFI3vOLbOqV7OiITYzv2', NULL, '2023-11-17 16:22:26', '2023-11-17 16:22:26'),
(119, 3, 'Azie Anggoro Subekti', '3202116117', NULL, NULL, '$2y$12$cRMWGGa0Bgi0Jv6ZUsdt9urjar5lsTElXPd8sZlm2fTBc7EVIJ/HK', NULL, '2023-11-17 16:22:33', '2023-11-17 16:22:33'),
(120, 3, 'Brigitha Nitiari', '3202116118', NULL, NULL, '$2y$12$UXZ2Yl5hifwPODX9atZ9F.1d65YWhfOThG39CsJvrucS2ng.EwKlm', NULL, '2023-11-17 16:22:41', '2023-11-17 16:22:41'),
(121, 3, 'Muhammad Ricad Khaizuran', '3202116119', NULL, NULL, '$2y$12$aW6urk/jMDwbmKkzmwArj.4SRUuETP5ytE1MHa5esLxZX2r3cRd4m', NULL, '2023-11-17 16:22:50', '2023-11-17 16:22:50'),
(122, 2, 'WENDHI YUNIARTO, ST.,MT', '4244849895', NULL, NULL, '$2y$12$zpVBISl7tdA8dOxoK07lF.nQdkFpdxLYIBYnZhjw3zW4SQCDtTRaq', NULL, '2023-11-17 16:24:58', '2023-11-17 16:24:58'),
(123, 2, 'FERRY FAISAL, SST.,MT', '0006027306', NULL, NULL, '$2y$12$9MuZuiZtS4lgWO1tKd42heZksp/bnfmrR4WylAqq/hhasbiohPBka', NULL, '2023-11-17 16:25:26', '2023-11-17 16:25:26'),
(124, 1, 'MARIANA SYAMSUDIN, ST.,MT., PhD', '5215248799', NULL, NULL, '$2y$12$34Nfqbfc5/4wKrmLKLgG..l1BJpXOXkEJpNOnW/j6fELVffLGs/pe', NULL, '2023-11-17 16:25:46', '2023-11-17 16:25:46'),
(125, 2, 'IR. ABU BAKAR', '2285726529', NULL, NULL, '$2y$12$zDi05xcVUcBcUdy1AwxRreuSPiOJJ4gzzrKzEMCG.08oMcJpSAcGa', NULL, '2023-11-17 16:26:13', '2023-11-17 16:26:13'),
(126, 2, 'YUNITA, ST.,M.SC', '5252223615', NULL, NULL, '$2y$12$UIjuERlT2o2HrnP9foK70el9QgzYyay1piXuIyMZSEUmi3bGpFjVK', NULL, '2023-11-17 16:26:41', '2023-11-17 16:26:41'),
(127, 2, 'MUHAMMAD HASBI, ST.,MT', '0281824559', NULL, NULL, '$2y$12$2Ql91qQTfuafZ5E/kN17VeL6ZJyx1Xr1LDMn6ETk7NdyC4IdsTRmi', NULL, '2023-11-17 16:26:53', '2023-11-17 16:26:53'),
(128, 2, 'NENY FIRDYANTI, ST.,MT', '5267497323', NULL, NULL, '$2y$12$/S3VvL1gZCdZV5Mm2UWZmuploTw1K1juONpYUhG.nygWQrPELehuC', NULL, '2023-11-17 16:27:03', '2023-11-17 16:27:03'),
(129, 2, 'DR. ARDI MARWAN', '5212682945', NULL, NULL, '$2y$12$IBKd8zlhwSUZvRfsi5Uhoe4zsi/DPKmS4qZtLIhi/pxWl9mHEmoZm', NULL, '2023-11-17 16:27:14', '2023-11-17 16:27:14'),
(130, 2, 'NURUL FADILLAH, S.PD.,M.ED,TESSOL', '1224206244', NULL, NULL, '$2y$12$SLlEyNTF.3aK1I2uvsrQAuQ0X9wcBp/Enefijvcr.SFN5F7.CaTSu', NULL, '2023-11-17 16:27:25', '2023-11-17 16:27:25'),
(131, 2, 'H. IRAWAN SUHARTO, ST', '4217428790', NULL, NULL, '$2y$12$YlPhBeM/YO7iGhIpjiBbaePYWYOPI3Nil7Sx61VoNJl7IMSgpqyli', NULL, '2023-11-17 16:27:52', '2023-11-17 16:27:52'),
(132, 2, 'WAWAN HERYAWAN, ST.,MT', '5270822579', NULL, NULL, '$2y$12$SQtqs1aBKdL.x48qkU8UrOVxLObXzZx1n/f6ilqehpWg82xn9tQaa', NULL, '2023-11-17 16:28:00', '2023-11-17 16:28:00'),
(133, 2, 'RAMLI, ST.,MT', '5260630694', NULL, NULL, '$2y$12$06SKmtvRAhduYAtbPyJ/X.MtEpjwr/gEAQQ9NKcsDhA/ydl5nKJ.y', NULL, '2023-11-17 16:28:15', '2023-11-17 16:28:15'),
(134, 2, 'YASIR ARAFAT, SST., MT', '3246452420', NULL, NULL, '$2y$12$xYgk2NSdPFeIqr3YoHnmMukFq9PRKrUxFj/ZhDfmfP4fZaVs/IzHW', NULL, '2023-11-17 16:28:28', '2023-11-17 16:28:28'),
(135, 2, 'SUHERI, ST., M.CS', '1253229447', NULL, NULL, '$2y$12$psF5UWzLBvaVhGuSoSNVPuEkT6Mua9tDjWeIUDNxIEXT5HTesmuYK', NULL, '2023-11-17 16:28:48', '2023-11-17 16:28:48'),
(136, 2, 'FRESKA ROLANSA, ST, M.CS', '3238885571', NULL, NULL, '$2y$12$UNPgN5VS9ozgEYQDoDe9jumGVZpSbjTZxntGtsuhg./PwYDL860Jq', NULL, '2023-11-17 16:28:59', '2023-11-17 16:28:59'),
(137, 2, 'M. ILYAS HADIKUSUMA, ST.,M.ENG', '6267956128', NULL, NULL, '$2y$12$ibIhlTTzFn646Op3SZhBbe4bQQPdrgodwISsfvpxNPXnEXtoFKpVm', NULL, '2023-11-17 16:29:12', '2023-11-17 16:29:12'),
(138, 2, 'BUDIANINGSIH, ST.,MT', '2295550578', NULL, NULL, '$2y$12$7R6whajHZGihcEn3lwn4Lu0XKweWj5xgiKNM4.XmtMmT3JH/m9wmi', NULL, '2023-11-17 16:29:22', '2023-11-17 16:29:22'),
(139, 2, 'FITRI WIBOWO, S.ST., MT', '0260336329', NULL, NULL, '$2y$12$7QJZ1MGEJXXoF9VWpN8x9uRUXzRThjNB3Gg8cdIIO0CAaZe9/Z5Za', NULL, '2023-11-17 16:29:41', '2023-11-17 16:29:41'),
(140, 2, 'PAUSTA YUGIANAUS, S.KOM, MT', '9228258191', NULL, NULL, '$2y$12$4h34yKKxmErVGPmBpiAcGeO.BR/kSUIUB/7VbwjTnQl4qN5HxKGk2', NULL, '2023-11-17 16:30:00', '2023-11-17 16:30:00'),
(141, 2, 'RAHMAD WAHID, M.CS', '9228258192', NULL, NULL, '$2y$12$T6zOr//ehENetJfRT7d28.kFfLTZh9MSbMnVAtL6DwSzKRMPlFUQK', NULL, '2023-11-17 16:30:11', '2023-11-17 16:30:11'),
(142, 2, 'TRI BOWO ATMOJO, S.T., M.CS', '9228258193', NULL, NULL, '$2y$12$LCHg4Uky9Kvm6enpEXw/qugRpCurpwiSGHHF/xdsmwxLgTOlBGCIW', NULL, '2023-11-17 16:30:17', '2023-11-17 16:30:17'),
(143, 2, 'LINDUNG SISWANTO, S.KOM., M.ENG', '9228258194', NULL, NULL, '$2y$12$.Q4wNwunMzYNLH3.CPpzQ.Bk6Ww6o2Xp8r.oI2r0LqpqsaeE4pXUe', NULL, '2023-11-17 16:30:21', '2023-11-17 16:30:21'),
(144, 2, 'PZULKIFLI AL HAJAR, S.PD.I., M.S.I', '9228258195', NULL, NULL, '$2y$12$jUoF5Fsif0HFoZzZLrvyyeu6ke5XfmnunBu0wvMM8ANE8YoD0BZ3a', NULL, '2023-11-17 16:30:25', '2023-11-17 16:30:25'),
(145, 2, 'MUHAMMAD DIPONEGORO, S.KOM . M.CS', '9228258196', NULL, NULL, '$2y$12$ZSdG0dxJpv45XEmjnFSNGeXF2YuH.71ENscfiR3uZ7nXzbMi7z3hC', NULL, '2023-11-17 16:30:31', '2023-11-17 16:30:31'),
(146, 2, 'TOMMI SURYANTO, S.KOM, M.KOM', '9228258197', NULL, NULL, '$2y$12$c/eb8q.qCp8rEijGfRqWY.WF78hnJlsSTsWuFD2JTv847RwadN6om', NULL, '2023-11-17 16:30:36', '2023-11-17 16:30:36'),
(147, 2, 'SARAH BIBI, SST., M.PD', '9228258198', NULL, NULL, '$2y$12$ZLDytDO8zxok9hDs7Fi3yOr5vD/BZ4M.ER2IpW/I1/P3P01DdigOG', NULL, '2023-11-17 16:30:40', '2023-11-17 16:30:40'),
(148, 2, 'SUHARSONO, S.KOM., M.KOM', '9228258199', NULL, NULL, '$2y$12$ISg9tZtruCKT1VfbEhMqPu/NUBVGHf0GIdyc6pfbxW9/8EALVTLa2', NULL, '2023-11-17 16:30:44', '2023-11-17 16:30:44'),
(149, 2, 'NOVI ARYANI FITRI, S.T., M.TR.KOM', '9228258200', NULL, NULL, '$2y$12$9XFV5Hn6VKaUpwHStHFPGOQzbW/N0vKMKuzAc7PsIqbOZyi/.xWYi', NULL, '2023-11-17 16:30:49', '2023-11-17 16:30:49'),
(150, 2, 'SAFRI ADAM, S.KOM., M.KOM', '9228258201', NULL, NULL, '$2y$12$DLXUjHlWyin44nhVDScElO8hJNGqnfRQMPfTgHWOoAoUp1ow0Secm', NULL, '2023-11-17 16:30:53', '2023-11-17 16:30:53'),
(151, 0, 'Sarah', '001133', NULL, NULL, '$2y$12$YMAuwBEiRP8PwkDl8gdF5uKnq42Bk3F1tfcssbpIHORvmVxZCsqzC', NULL, '2023-11-17 16:43:12', '2023-11-17 16:43:12'),
(152, 0, 'bayu', '001144', 'bayu@polnep.ac.id', NULL, '$2y$12$Va/hy4FMvvLWrz/3GCGjiOlM65J3Fa8VLY96gnLW3m91Pfd02Tm8K', NULL, '2024-08-05 07:19:55', '2024-08-05 07:19:55'),
(153, 0, 'bayu', '001144', 'bayu@polnep.ac.id', NULL, '$2y$12$DA3n6qORwCy0sEvrvs1h0e1xbvd/ve9R/YRT2JtQxKQ5is/vvI8ji', NULL, '2024-08-05 07:20:38', '2024-08-05 07:20:38'),
(154, 0, 'bayu', '001144', 'bayu@polnep.ac.id', NULL, '$2y$12$8HRRAVbh1bnQ0nzjaITxu.m0vTGhYiqn1aVe/V9gbNkUykkVyHgSy', NULL, '2024-08-05 07:21:09', '2024-08-05 07:21:09');

--
-- Indexes for dumped tables
--

--
-- Indexes for table `admins`
--
ALTER TABLE `admins`
  ADD PRIMARY KEY (`id_staff`),
  ADD UNIQUE KEY `admins_no_induk_unique` (`no_induk`),
  ADD KEY `admins_user_id_foreign` (`user_id`);

--
-- Indexes for table `dosens`
--
ALTER TABLE `dosens`
  ADD PRIMARY KEY (`id_dosen`),
  ADD UNIQUE KEY `dosens_nip_unique` (`nip`),
  ADD UNIQUE KEY `dosens_nidn_unique` (`nidn`),
  ADD KEY `dosens_user_id_foreign` (`user_id`);

--
-- Indexes for table `failed_jobs`
--
ALTER TABLE `failed_jobs`
  ADD PRIMARY KEY (`id`),
  ADD UNIQUE KEY `failed_jobs_uuid_unique` (`uuid`);

--
-- Indexes for table `jadwals`
--
ALTER TABLE `jadwals`
  ADD PRIMARY KEY (`id_jdwl`);

--
-- Indexes for table `kaldiks`
--
ALTER TABLE `kaldiks`
  ADD PRIMARY KEY (`id`);

--
-- Indexes for table `kelas`
--
ALTER TABLE `kelas`
  ADD PRIMARY KEY (`id_kls`);

--
-- Indexes for table `kompen_mhs`
--
ALTER TABLE `kompen_mhs`
  ADD PRIMARY KEY (`id_kompen`),
  ADD KEY `id_mhs` (`id_mhs`),
  ADD KEY `id_staff` (`id_staff`),
  ADD KEY `Index` (`id_tahun_ajar`),
  ADD KEY `id_mk` (`id_mk`);

--
-- Indexes for table `logs`
--
ALTER TABLE `logs`
  ADD PRIMARY KEY (`id_tahun_ajar`);

--
-- Indexes for table `mahasiswas`
--
ALTER TABLE `mahasiswas`
  ADD PRIMARY KEY (`id_mhs`),
  ADD UNIQUE KEY `mahasiswas_nim_unique` (`nim`),
  ADD KEY `mahasiswas_user_id_foreign` (`user_id`);

--
-- Indexes for table `matkuls`
--
ALTER TABLE `matkuls`
  ADD PRIMARY KEY (`id_mk`);

--
-- Indexes for table `migrations`
--
ALTER TABLE `migrations`
  ADD PRIMARY KEY (`id`);

--
-- Indexes for table `password_reset_tokens`
--
ALTER TABLE `password_reset_tokens`
  ADD PRIMARY KEY (`email`);

--
-- Indexes for table `personal_access_tokens`
--
ALTER TABLE `personal_access_tokens`
  ADD PRIMARY KEY (`id`),
  ADD UNIQUE KEY `personal_access_tokens_token_unique` (`token`),
  ADD KEY `personal_access_tokens_tokenable_type_tokenable_id_index` (`tokenable_type`,`tokenable_id`);

--
-- Indexes for table `presensis`
--
ALTER TABLE `presensis`
  ADD PRIMARY KEY (`id_presensi`),
  ADD KEY `presensis_id_mhs_foreign` (`id_mhs`);

--
-- Indexes for table `revisi_presensi`
--
ALTER TABLE `revisi_presensi`
  ADD PRIMARY KEY (`id_revisi_presensi`);

--
-- Indexes for table `sessions`
--
ALTER TABLE `sessions`
  ADD PRIMARY KEY (`id`),
  ADD KEY `sessions_user_id_index` (`user_id`),
  ADD KEY `sessions_last_activity_index` (`last_activity`);

--
-- Indexes for table `users`
--
ALTER TABLE `users`
  ADD PRIMARY KEY (`id`);

--
-- AUTO_INCREMENT for dumped tables
--

--
-- AUTO_INCREMENT for table `admins`
--
ALTER TABLE `admins`
  MODIFY `id_staff` bigint(20) UNSIGNED NOT NULL AUTO_INCREMENT, AUTO_INCREMENT=3;

--
-- AUTO_INCREMENT for table `dosens`
--
ALTER TABLE `dosens`
  MODIFY `id_dosen` bigint(20) UNSIGNED NOT NULL AUTO_INCREMENT, AUTO_INCREMENT=30;

--
-- AUTO_INCREMENT for table `failed_jobs`
--
ALTER TABLE `failed_jobs`
  MODIFY `id` bigint(20) UNSIGNED NOT NULL AUTO_INCREMENT;

--
-- AUTO_INCREMENT for table `jadwals`
--
ALTER TABLE `jadwals`
  MODIFY `id_jdwl` bigint(20) UNSIGNED NOT NULL AUTO_INCREMENT, AUTO_INCREMENT=44;

--
-- AUTO_INCREMENT for table `kaldiks`
--
ALTER TABLE `kaldiks`
  MODIFY `id` bigint(20) UNSIGNED NOT NULL AUTO_INCREMENT, AUTO_INCREMENT=7;

--
-- AUTO_INCREMENT for table `kelas`
--
ALTER TABLE `kelas`
  MODIFY `id_kls` int(10) UNSIGNED NOT NULL AUTO_INCREMENT, AUTO_INCREMENT=31;

--
-- AUTO_INCREMENT for table `kompen_mhs`
--
ALTER TABLE `kompen_mhs`
  MODIFY `id_kompen` int(10) UNSIGNED NOT NULL AUTO_INCREMENT, AUTO_INCREMENT=4;

--
-- AUTO_INCREMENT for table `logs`
--
ALTER TABLE `logs`
  MODIFY `id_tahun_ajar` bigint(20) UNSIGNED NOT NULL AUTO_INCREMENT, AUTO_INCREMENT=34;

--
-- AUTO_INCREMENT for table `mahasiswas`
--
ALTER TABLE `mahasiswas`
  MODIFY `id_mhs` bigint(20) UNSIGNED NOT NULL AUTO_INCREMENT, AUTO_INCREMENT=122;

--
-- AUTO_INCREMENT for table `matkuls`
--
ALTER TABLE `matkuls`
  MODIFY `id_mk` bigint(20) UNSIGNED NOT NULL AUTO_INCREMENT, AUTO_INCREMENT=25;

--
-- AUTO_INCREMENT for table `migrations`
--
ALTER TABLE `migrations`
  MODIFY `id` int(10) UNSIGNED NOT NULL AUTO_INCREMENT, AUTO_INCREMENT=38;

--
-- AUTO_INCREMENT for table `personal_access_tokens`
--
ALTER TABLE `personal_access_tokens`
  MODIFY `id` bigint(20) UNSIGNED NOT NULL AUTO_INCREMENT;

--
-- AUTO_INCREMENT for table `presensis`
--
ALTER TABLE `presensis`
  MODIFY `id_presensi` bigint(20) UNSIGNED NOT NULL AUTO_INCREMENT, AUTO_INCREMENT=2549;

--
-- AUTO_INCREMENT for table `revisi_presensi`
--
ALTER TABLE `revisi_presensi`
  MODIFY `id_revisi_presensi` bigint(20) NOT NULL AUTO_INCREMENT;

--
-- AUTO_INCREMENT for table `users`
--
ALTER TABLE `users`
  MODIFY `id` bigint(20) UNSIGNED NOT NULL AUTO_INCREMENT, AUTO_INCREMENT=155;

--
-- Constraints for dumped tables
--

--
-- Constraints for table `admins`
--
ALTER TABLE `admins`
  ADD CONSTRAINT `admins_user_id_foreign` FOREIGN KEY (`user_id`) REFERENCES `users` (`id`) ON DELETE CASCADE;

--
-- Constraints for table `dosens`
--
ALTER TABLE `dosens`
  ADD CONSTRAINT `dosens_user_id_foreign` FOREIGN KEY (`user_id`) REFERENCES `users` (`id`) ON DELETE CASCADE;

--
-- Constraints for table `kompen_mhs`
--
ALTER TABLE `kompen_mhs`
  ADD CONSTRAINT `id_mhs` FOREIGN KEY (`id_mhs`) REFERENCES `mahasiswas` (`id_mhs`) ON DELETE CASCADE ON UPDATE CASCADE;

--
-- Constraints for table `mahasiswas`
--
ALTER TABLE `mahasiswas`
  ADD CONSTRAINT `mahasiswas_user_id_foreign` FOREIGN KEY (`user_id`) REFERENCES `users` (`id`) ON DELETE CASCADE;

--
-- Constraints for table `presensis`
--
ALTER TABLE `presensis`
  ADD CONSTRAINT `presensis_id_mhs_foreign` FOREIGN KEY (`id_mhs`) REFERENCES `mahasiswas` (`id_mhs`) ON DELETE CASCADE;
COMMIT;

/*!40101 SET CHARACTER_SET_CLIENT=@OLD_CHARACTER_SET_CLIENT */;
/*!40101 SET CHARACTER_SET_RESULTS=@OLD_CHARACTER_SET_RESULTS */;
/*!40101 SET COLLATION_CONNECTION=@OLD_COLLATION_CONNECTION */;
